mouse.time,mouse.clicked_name,num_distr,,,,,,,mouse.time,,,,mouse.time
2.6202314,target,5,,,,,,,2.6202314,,,,2.6202314
[1.7779270999599248],None,10,,,,,,,1.9119502,,,,2.803405
1.9119502,target,10,,,mean RT,3.224931463,,,1.7631315,,1.9119502,,2.4184222
1.7631315,target,10,,,,,,,1.4629451,,1.7631315,,3.2059155
1.4629451,target,10,,,set size 10 mean RT,3.632392668,,,2.803405,,1.4629451,,2.5237349
2.803405,target,5,,,set size 5 mean RT,2.777171557,,,2.2966096,,2.2966096,,2.5696718
2.2966096,target,10,,,,,,,2.5615391,,2.5615391,,1.5906025
2.5615391,target,10,,,slope,0.1694,,,4.2444113,,4.2444113,,2.3902776
4.2444113,target,10,,,,,,,2.4184222,,2.7948608,,2.636265
2.4184222,target,5,,,,,,,3.2059155,,2.2994478,,3.286652
3.2059155,target,5,,,,,,,2.7948608,,2.7832015,,2.0697779
2.7948608,target,10,,,,,,,2.5237349,,5.7589365,,2.599614
2.5237349,target,5,,,,,,,2.2994478,,2.6655783,,2.4186105
[2.195528600132093],None,10,,,,,,,2.5696718,,5.4077909,,3.0885532
2.2994478,target,10,,,,,,,2.7832015,,3.3456073,,3.7988797
2.5696718,target,5,,,,,,,5.7589365,,4.5238773,,2.1058253
[1.8854499000590295],None,5,,,,,,,2.6655783,,3.6603938,,2.7563637
[0.4959831000305712],None,10,,,,,,,1.5906025,,4.8821353,,2.1868744
2.7832015,target,10,,,,,,,5.4077909,,3.1950073,,4.4049236
5.7589365,target,10,,,,,,,2.3902776,,5.2124284,,1.9207485
2.6655783,target,10,,,,,,,3.3456073,,1.9160658,,3.2358215
1.5906025,target,5,,,,,,,4.5238773,,3.1309033,,1.7720206
5.4077909,target,10,,,,,,,3.6603938,,3.6202038,,2.1711456
2.3902776,target,5,,,,,,,2.636265,,4.8760621,,3.3012886
3.3456073,target,10,,,,,,,3.286652,,1.8797516,,3.1687395
4.5238773,target,10,,,,,,,2.0697779,,2.9612947,,2.2546849
3.6603938,target,10,,,,,,,4.8821353,,3.0285527,,2.336428
2.636265,target,5,,,,,,,3.1950073,,6.2595881,,1.9845952
[2.059942299965769],None,10,,,,,,,5.2124284,,3.1962883,,3.786695
3.286652,target,5,,,,,,,2.599614,,5.7429105,,2.8011567
2.0697779,target,5,,,,,,,1.9160658,,3.6110112,,3.0889086
4.8821353,target,10,,,,,,,3.1309033,,1.5825324,,3.552688
3.1950073,target,10,,,,,,,2.4186105,,3.811371,,2.5348237
5.2124284,target,10,,,,,,,3.0885532,,2.9287597,,2.1538208
2.599614,target,5,,,,,,,3.6202038,,3.9775467,,3.7677847
1.9160658,target,10,,,,,,,3.7988797,,2.9955798,,4.2507117
3.1309033,target,10,,,,,,,2.1058253,,3.8934748,,3.3026219
2.4186105,target,5,,,,,,,2.7563637,,2.5273509,,3.8892302
3.0885532,target,5,,,,,,,2.1868744,,2.4303436,,3.0522383
3.6202038,target,10,,,,,,,4.4049236,,9.2062975,,4.8174086
[1.8863975000567734],None,5,,,,,,,4.8760621,,3.9440248,,1.7739256
3.7988797,target,5,,,,,,,1.9207485,,4.9764003,,2.98741
2.1058253,target,5,,,,,,,1.8797516,,2.8981581,,2.6547737
2.7563637,target,5,,,,,,,2.9612947,,4.9941488,,2.7364606
[3.093190500047058],None,10,,,,,,,3.2358215,,4.162945,,2.5710724
2.1868744,target,5,,,,,,,3.0285527,,7.7576775,,1.8046086
4.4049236,target,5,,,,,,,6.2595881,,2.0449661,,2.7019397
[0.7046695998869836],None,5,,,,,,,1.7720206,,3.1990739,,2.1371299
4.8760621,target,10,,,,,,,3.1962883,,13.0029129,,1.9401077
1.9207485,target,5,,,,,,,5.7429105,,2.7280398,,3.6696958
1.8797516,target,10,,,,,,,2.1711456,,3.4793788,,2.4367725
2.9612947,target,10,,,,,,,3.3012886,,3.2629896,,2.7359363
3.2358215,target,5,,,,,,,3.1687395,,3.2825038,,2.9889194
3.0285527,target,10,,,,,,,3.6110112,,3.9283739,,3.5509843
6.2595881,target,10,,,,,,,2.2546849,,3.1126271,,3.6241732
1.7720206,target,5,,,,,,,2.336428,,7.0410083,,2.6501454
[0.8118330999277532],None,10,,,,,,,1.9845952,,5.0643147,,2.7399472
[2.698108100099489],None,10,,,,,,,1.5825324,,4.4464345,,2.2698314
3.1962883,target,10,,,,,,,3.786695,,3.5434426,,1.7359677
5.7429105,target,10,,,,,,,3.811371,,4.112954,,2.6893078
2.1711456,target,5,,,,,,,2.9287597,,1.5800067,,1.9718225
3.3012886,target,5,,,,,,,3.9775467,,4.1110922,,1.7913661
3.1687395,target,5,,,,,,,2.8011567,,4.3768598,,2.8009645
3.6110112,target,10,,,,,,,3.0889086,,1.5630826,,2.2862777
2.2546849,target,5,,,,,,,3.552688,,3.9154188,,2.5025768
2.336428,target,5,,,,,,,2.5348237,,3.1441562,,3.1712093
1.9845952,target,5,,,,,,,2.1538208,,1.7971077,,3.5186596
[0.7549898000434041],None,5,,,,,,,3.7677847,,2.8127347,,1.985594
1.5825324,target,10,,,,,,,4.2507117,,5.9094368,,2.4197225
3.786695,target,5,,,,,,,2.9955798,,2.8781362,,3.1369679
3.811371,target,10,,,,,,,3.8934748,,4.4109989,,4.400939
2.9287597,target,10,,,,,,,2.5273509,,4.695785,,1.9026514
3.9775467,target,10,,,,,,,3.3026219,,2.9775077,,3.0347722
2.8011567,target,5,,,,,,,2.4303436,,2.5771028,,2.0185639
3.0889086,target,5,,,,,,,9.2062975,,2.063905,,3.1877721
3.552688,target,5,,,,,,,3.8892302,,3.579415,,3.6188467
2.5348237,target,5,,,,,,,3.0522383,,1.7267003,,3.0368777
2.1538208,target,5,,,,,,,3.9440248,,3.4445637,,3.872889
3.7677847,target,5,,,,,,,4.9764003,,2.5156176,,2.5583931
4.2507117,target,5,,,,,,,4.8174086,,3.7924113,,2.3194625
2.9955798,target,10,,,,,,,1.7739256,,4.1597117,,2.6543999
3.8934748,target,10,,,,,,,2.8981581,,4.5641388,,2.5200693
2.5273509,target,10,,,,,,,4.9941488,,3.8973488,,
[2.3658084999769926],None,10,,,,,,,4.162945,,2.6295241,,
3.3026219,target,5,,,,,,,2.98741,,3.6124319,,
2.4303436,target,10,,,,,,,2.6547737,,2.829761,,
9.2062975,target,10,,,,,,,2.7364606,,2.9606562,,
3.8892302,target,5,,,,,,,7.7576775,,2.8488284,,
3.0522383,target,5,,,,,,,2.5710724,,4.1782507,,
3.9440248,target,10,,,,,,,1.8046086,,2.2982931,,
4.9764003,target,10,,,,,,,2.0449661,,2.8271836,,
4.8174086,target,5,,,,,,,3.1990739,,1.6952642,,
1.7739256,target,5,,,,,,,2.7019397,,2.8461863,,
[4.445238700136542],None,10,,,,,,,13.0029129,,2.862274,,
2.8981581,target,10,,,,,,,2.1371299,,,,
4.9941488,target,10,,,,,,,2.7280398,,,,
4.162945,target,10,,,,,,,3.4793788,,,,
[3.1616871000733227],None,10,,,,,,,3.2629896,,,,
2.98741,target,5,,,,,,,1.9401077,,,,
2.6547737,target,5,,,,,,,3.2825038,,,,
2.7364606,target,5,,,,,,,3.9283739,,,,
7.7576775,target,10,,,,,,,3.1126271,,,,
[2.8283357999753207],None,10,,,,,,,3.6696958,,,,
2.5710724,target,5,,,,,,,7.0410083,,,,
1.8046086,target,5,,,,,,,5.0643147,,,,
2.0449661,target,10,,,,,,,4.4464345,,,,
3.1990739,target,10,,,,,,,3.5434426,,,,
2.7019397,target,5,,,,,,,4.112954,,,,
13.0029129,target,10,,,,,,,1.5800067,,,,
2.1371299,target,5,,,,,,,4.1110922,,,,
2.7280398,target,10,,,,,,,2.4367725,,,,
3.4793788,target,10,,,,,,,2.7359363,,,,
3.2629896,target,10,,,,,,,4.3768598,,,,
1.9401077,target,5,,,,,,,2.9889194,,,,
[2.296784499892965],None,10,,,,,,,3.5509843,,,,
3.2825038,target,10,,,,,,,1.5630826,,,,
3.9283739,target,10,,,,,,,3.9154188,,,,
3.1126271,target,10,,,,,,,3.6241732,,,,
3.6696958,target,5,,,,,,,2.6501454,,,,
7.0410083,target,10,,,,,,,2.7399472,,,,
5.0643147,target,10,,,,,,,3.1441562,,,,
4.4464345,target,10,,,,,,,2.2698314,,,,
3.5434426,target,10,,,,,,,1.7971077,,,,
4.112954,target,10,,,,,,,2.8127347,,,,
[2.647650299826637],None,10,,,,,,,5.9094368,,,,
1.5800067,target,10,,,,,,,2.8781362,,,,
4.1110922,target,10,,,,,,,1.7359677,,,,
2.4367725,target,5,,,,,,,4.4109989,,,,
2.7359363,target,5,,,,,,,4.695785,,,,
4.3768598,target,10,,,,,,,2.6893078,,,,
2.9889194,target,5,,,,,,,1.9718225,,,,
3.5509843,target,5,,,,,,,2.9775077,,,,
1.5630826,target,10,,,,,,,2.5771028,,,,
3.9154188,target,10,,,,,,,2.063905,,,,
[0.8643008000217378],None,10,,,,,,,3.579415,,,,
3.6241732,target,5,,,,,,,1.7267003,,,,
2.6501454,target,5,,,,,,,1.7913661,,,,
2.7399472,target,5,,,,,,,2.8009645,,,,
3.1441562,target,10,,,,,,,3.4445637,,,,
2.2698314,target,5,,,,,,,2.2862777,,,,
1.7971077,target,10,,,,,,,2.5156176,,,,
2.8127347,target,10,,,,,,,2.5025768,,,,
5.9094368,target,10,,,,,,,3.1712093,,,,
2.8781362,target,10,,,,,,,3.5186596,,,,
[2.5719999000430107],None,5,,,,,,,3.7924113,,,,
1.7359677,target,5,,,,,,,1.985594,,,,
4.4109989,target,10,,,,,,,4.1597117,,,,
4.695785,target,10,,,,,,,2.4197225,,,,
2.6893078,target,5,,,,,,,4.5641388,,,,
1.9718225,target,5,,,,,,,3.8973488,,,,
2.9775077,target,10,,,,,,,3.1369679,,,,
[2.9564233000855893],None,5,,,,,,,4.400939,,,,
2.5771028,target,10,,,,,,,2.6295241,,,,
2.063905,target,10,,,,,,,1.9026514,,,,
[1.4488301000092179],None,10,,,,,,,3.0347722,,,,
[3.613378999987617],None,10,,,,,,,2.0185639,,,,
3.579415,target,10,,,,,,,3.6124319,,,,
1.7267003,target,10,,,,,,,2.829761,,,,
1.7913661,target,5,,,,,,,3.1877721,,,,
2.8009645,target,5,,,,,,,2.9606562,,,,
3.4445637,target,10,,,,,,,2.8488284,,,,
2.2862777,target,5,,,,,,,4.1782507,,,,
[3.1673260000534356],None,5,,,,,,,2.2982931,,,,
2.5156176,target,10,,,,,,,3.6188467,,,,
2.5025768,target,5,,,,,,,3.0368777,,,,
3.1712093,target,5,,,,,,,2.8271836,,,,
3.5186596,target,5,,,,,,,3.872889,,,,
3.7924113,target,10,,,,,,,2.5583931,,,,
1.985594,target,5,,,,,,,1.6952642,,,,
[2.9354944000951946],None,5,,,,,,,2.3194625,,,,
4.1597117,target,10,,,,,,,2.6543999,,,,
2.4197225,target,5,,,,,,,2.5200693,,,,
4.5641388,target,10,,,,,,,2.8461863,,,,
3.8973488,target,10,,,,,,,2.862274,,,,
3.1369679,target,5,,,,,,,,,,,
4.400939,target,5,,,,,,,,,,,
2.6295241,target,10,,,,,,,,,,,
1.9026514,target,5,,,,,,,,,,,
3.0347722,target,5,,,,,,,,,,,
2.0185639,target,5,,,,,,,,,,,
3.6124319,target,10,,,,,,,,,,,
2.829761,target,10,,,,,,,,,,,
3.1877721,target,5,,,,,,,,,,,
2.9606562,target,10,,,,,,,,,,,
2.8488284,target,10,,,,,,,,,,,
4.1782507,target,10,,,,,,,,,,,
[1.6724254000000656],None,5,,,,,,,,,,,
2.2982931,target,10,,,,,,,,,,,
3.6188467,target,5,,,,,,,,,,,
3.0368777,target,5,,,,,,,,,,,
2.8271836,target,10,,,,,,,,,,,
3.872889,target,5,,,,,,,,,,,
[3.729154299944639],None,10,,,,,,,,,,,
2.5583931,target,5,,,,,,,,,,,
1.6952642,target,10,,,,,,,,,,,
2.3194625,target,5,,,,,,,,,,,
2.6543999,target,5,,,,,,,,,,,
2.5200693,target,5,,,,,,,,,,,
2.8461863,target,10,,,,,,,,,,,
2.862274,target,10,,,,,,,,,,,
