reward_today,future_reward,delay,thisN,thisTrialN,thisRepN,key_resp.keys,key_resp.rt,key_resp.duration,trials.thisRepN,trials.thisTrialN,trials.thisN,trials.thisIndex,thisRow.t,notes,trial.started,fixation.started,text.started,key_resp.started,fixation.stopped,trial.stopped,trials.key_resp.keys,trials.key_resp.rt,trials.key_resp.duration,participant,session,date,expName,expVersion,psychopyVersion,frameRate,expStart,
67,75,119,0,0,0,t,3.094057399954181,None,0,0,0,5,0.07171859999652952,,0.06789179996121675,0.07171859999652952,0.9932795999920927,0.9932795999920927,1.0686606999952346,4.106400199991185,t,3.094057399954181,None,312180,001,2025-11-03_09h53.43.855,delay discounting,,2025.1.1,125.51145922978657,2025-11-03 09h53.46.976654 +0530,
11,30,7,1,1,0,l,1.7854863000102341,None,0,1,1,0,4.121446399949491,,4.116458099975716,4.121446399949491,5.101397999969777,5.101397999969777,5.118196800001897,6.894253699982073,l,1.7854863000102341,None,312180,001,2025-11-03_09h53.43.855,delay discounting,,2025.1.1,125.51145922978657,2025-11-03 09h53.46.976654 +0530,
78,80,162,2,2,0,t,2.0218678999808617,None,0,2,2,6,6.9042353999684565,,6.901657699956559,6.9042353999684565,7.884752299985848,7.884752299985848,7.901659699971788,9.910574699984863,t,2.0218678999808617,None,312180,001,2025-11-03_09h53.43.855,delay discounting,,2025.1.1,125.51145922978657,2025-11-03 09h53.46.976654 +0530,
27,50,21,3,3,0,l,5.817533000023104,None,0,3,3,2,9.920552199997474,,9.917513999971561,9.920552199997474,10.901806999987457,10.901806999987457,10.918346799968276,16.727095899987034,l,5.817533000023104,None,312180,001,2025-11-03_09h53.43.855,delay discounting,,2025.1.1,125.51145922978657,2025-11-03 09h53.46.976654 +0530,
40,55,62,4,4,0,t,0.9352941000252031,None,0,4,4,3,16.74030019994825,,16.737282199959736,16.74030019994825,17.717824599996675,17.717824599996675,17.734763199987356,18.660890200000722,t,0.9352941000252031,None,312180,001,2025-11-03_09h53.43.855,delay discounting,,2025.1.1,125.51145922978657,2025-11-03 09h53.46.976654 +0530,
49,60,89,5,5,0,t,2.378607299993746,None,0,5,5,4,18.66961609997088,,18.667133699986152,18.66961609997088,19.659190299978945,19.659190299978945,19.667473699955735,22.0435293999617,t,2.378607299993746,None,312180,001,2025-11-03_09h53.43.855,delay discounting,,2025.1.1,125.51145922978657,2025-11-03 09h53.46.976654 +0530,
15,35,13,6,6,0,l,1.7405297000077553,None,0,6,6,1,22.050882299954537,,22.047856999968644,22.050882299954537,23.034336999990046,23.034336999990046,23.04249619995244,24.777176499948837,l,1.7405297000077553,None,312180,001,2025-11-03_09h53.43.855,delay discounting,,2025.1.1,125.51145922978657,2025-11-03 09h53.46.976654 +0530,
15,35,13,7,0,1,l,2.0729728000005707,None,1,0,7,1,24.78429869998945,,24.77745379996486,24.78429869998945,25.767915199976414,25.767915199976414,25.776977899949998,27.843256799969822,l,2.0729728000005707,None,312180,001,2025-11-03_09h53.43.855,delay discounting,,2025.1.1,125.51145922978657,2025-11-03 09h53.46.976654 +0530,
67,75,119,8,1,1,t,2.243984400003683,None,1,1,8,5,27.851313399965875,,27.848111099970993,27.851313399965875,28.83438789995853,28.83438789995853,28.84272829996189,31.085418799950276,t,2.243984400003683,None,312180,001,2025-11-03_09h53.43.855,delay discounting,,2025.1.1,125.51145922978657,2025-11-03 09h53.46.976654 +0530,
11,30,7,9,2,1,l,2.5738218000042252,None,1,2,9,0,31.09531429997878,,31.092220999998972,31.09531429997878,32.08439679996809,32.08439679996809,32.09259759995621,34.66047399997478,l,2.5738218000042252,None,312180,001,2025-11-03_09h53.43.855,delay discounting,,2025.1.1,125.51145922978657,2025-11-03 09h53.46.976654 +0530,
49,60,89,10,3,1,l,6.180245399998967,None,1,3,10,4,34.66834849998122,,34.66540839994559,34.66834849998122,35.65932509995764,35.65932509995764,35.65932509995764,41.842771199997514,l,6.180245399998967,None,312180,001,2025-11-03_09h53.43.855,delay discounting,,2025.1.1,125.51145922978657,2025-11-03 09h53.46.976654 +0530,
40,55,62,11,4,1,t,3.2686246000230312,None,1,4,11,3,41.85035989998141,,41.84732989995973,41.85035989998141,42.83422249997966,42.83422249997966,42.842579299991485,46.109884799981955,t,3.2686246000230312,None,312180,001,2025-11-03_09h53.43.855,delay discounting,,2025.1.1,125.51145922978657,2025-11-03 09h53.46.976654 +0530,
78,80,162,12,5,1,t,1.1605263999663293,None,1,5,12,6,46.117728999990504,,46.11521099996753,46.117728999990504,47.10886829998344,47.10886829998344,47.10886829998344,48.276298599957954,t,1.1605263999663293,None,312180,001,2025-11-03_09h53.43.855,delay discounting,,2025.1.1,125.51145922978657,2025-11-03 09h53.46.976654 +0530,
27,50,21,13,6,1,l,5.324109299981501,None,1,6,13,2,48.283658999949694,,48.280861699953675,48.283658999949694,49.2675216999487,49.2675216999487,49.27603889995953,54.592969199991785,l,5.324109299981501,None,312180,001,2025-11-03_09h53.43.855,delay discounting,,2025.1.1,125.51145922978657,2025-11-03 09h53.46.976654 +0530,
15,35,13,14,0,2,l,1.8474758000229485,None,2,0,14,1,54.60258789994987,,54.599657399987336,54.60258789994987,55.58385489997454,55.58385489997454,55.600807899958454,57.434719799959566,l,1.8474758000229485,None,312180,001,2025-11-03_09h53.43.855,delay discounting,,2025.1.1,125.51145922978657,2025-11-03 09h53.46.976654 +0530,
40,55,62,15,1,2,t,15.234287700033747,None,2,1,15,3,57.443894399970304,,57.440664699999616,57.443894399970304,58.4335186999524,58.4335186999524,58.44266479997896,73.6683570999885,t,15.234287700033747,None,312180,001,2025-11-03_09h53.43.855,delay discounting,,2025.1.1,125.51145922978657,2025-11-03 09h53.46.976654 +0530,
11,30,7,16,2,2,l,1.295572099974379,None,2,2,16,0,73.67576769995503,,73.67301669996232,73.67576769995503,74.66695439995965,74.66695439995965,74.66695439995965,75.96780969999963,l,1.295572099974379,None,312180,001,2025-11-03_09h53.43.855,delay discounting,,2025.1.1,125.51145922978657,2025-11-03 09h53.46.976654 +0530,
27,50,21,17,3,2,t,1.9337981999851763,None,2,3,17,2,75.97779239999363,,75.97470359998988,75.97779239999363,76.95882529998198,76.95882529998198,76.97550329996739,78.90123019996099,t,1.9337981999851763,None,312180,001,2025-11-03_09h53.43.855,delay discounting,,2025.1.1,125.51145922978657,2025-11-03 09h53.46.976654 +0530,
49,60,89,18,4,2,t,1.811960100021679,None,2,4,18,4,78.90810359996976,,78.90545839996776,78.90810359996976,79.90020089998143,79.90020089998143,79.90020089998143,81.71766679995926,t,1.811960100021679,None,312180,001,2025-11-03_09h53.43.855,delay discounting,,2025.1.1,125.51145922978657,2025-11-03 09h53.46.976654 +0530,
78,80,162,19,5,2,t,1.658767800021451,None,2,5,19,6,81.72676329995738,,81.72364219999872,81.72676329995738,82.70826619997388,82.70826619997388,82.72516959998757,84.37551159999566,t,1.658767800021451,None,312180,001,2025-11-03_09h53.43.855,delay discounting,,2025.1.1,125.51145922978657,2025-11-03 09h53.46.976654 +0530,
67,75,119,20,6,2,t,1.4325735999736935,None,2,6,20,5,84.38321800000267,,84.38053799996851,84.38321800000267,85.36687869997695,85.36687869997695,85.37509059999138,86.80080199998338,t,1.4325735999736935,None,312180,001,2025-11-03_09h53.43.855,delay discounting,,2025.1.1,125.51145922978657,2025-11-03 09h53.46.976654 +0530,
11,30,7,21,0,3,l,1.1490375000284985,None,3,0,21,0,86.80902729998343,,86.80596879997756,86.80902729998343,87.79173889994854,87.79173889994854,87.80006089998642,88.94309089996386,l,1.1490375000284985,None,312180,001,2025-11-03_09h53.43.855,delay discounting,,2025.1.1,125.51145922978657,2025-11-03 09h53.46.976654 +0530,
15,35,13,22,1,3,l,2.3891926999785937,None,3,1,22,1,88.95219649997307,,88.94934869999997,88.95219649997307,89.94144450000022,89.94144450000022,89.9500264999806,92.33385999995517,l,2.3891926999785937,None,312180,001,2025-11-03_09h53.43.855,delay discounting,,2025.1.1,125.51145922978657,2025-11-03 09h53.46.976654 +0530,
40,55,62,23,2,3,t,15.754854700004216,None,3,2,23,3,92.341585999995,,92.33878209994873,92.341585999995,93.32500439998694,93.32500439998694,93.33337109995773,109.0838431000011,t,15.754854700004216,None,312180,001,2025-11-03_09h53.43.855,delay discounting,,2025.1.1,125.51145922978657,2025-11-03 09h53.46.976654 +0530,
78,80,162,24,3,3,t,1.7126161999767646,None,3,3,24,6,109.09295639995253,,109.08986899995944,109.09295639995253,110.07468679995509,110.07468679995509,110.09123429999454,111.7917640999658,t,1.7126161999767646,None,312180,001,2025-11-03_09h53.43.855,delay discounting,,2025.1.1,125.51145922978657,2025-11-03 09h53.46.976654 +0530,
27,50,21,25,4,3,l,3.394403800019063,None,3,4,25,2,111.79972319997614,,111.79641739994986,111.79972319997614,112.78285629994934,112.78285629994934,112.79133369994815,116.18321389995981,l,3.394403800019063,None,312180,001,2025-11-03_09h53.43.855,delay discounting,,2025.1.1,125.51145922978657,2025-11-03 09h53.46.976654 +0530,
67,75,119,26,5,3,t,2.5908699999563396,None,3,5,26,5,116.1910328999511,,116.1880259999889,116.1910328999511,117.17478579998715,117.17478579998715,117.18292579997797,119.76679799996782,t,2.5908699999563396,None,312180,001,2025-11-03_09h53.43.855,delay discounting,,2025.1.1,125.51145922978657,2025-11-03 09h53.46.976654 +0530,
49,60,89,27,6,3,t,3.793679299997166,None,3,6,27,4,119.77430709998589,,119.7713544999715,119.77430709998589,120.76567989995237,120.76567989995237,120.76567989995237,124.56688299996313,t,3.793679299997166,None,312180,001,2025-11-03_09h53.43.855,delay discounting,,2025.1.1,125.51145922978657,2025-11-03 09h53.46.976654 +0530,
49,60,89,28,0,4,l,2.474822399963159,None,4,0,28,4,124.57445039995946,,124.56713589996798,124.57445039995946,125.56601359997876,125.56601359997876,125.56601359997876,128.0419671999989,l,2.474822399963159,None,312180,001,2025-11-03_09h53.43.855,delay discounting,,2025.1.1,125.51145922978657,2025-11-03 09h53.46.976654 +0530,
78,80,162,29,1,4,t,3.530095499998424,None,4,1,29,6,128.04994549998082,,128.04694909998216,128.04994549998082,129.03273079998326,129.03273079998326,129.0409542999696,132.5666052000015,t,3.530095499998424,None,312180,001,2025-11-03_09h53.43.855,delay discounting,,2025.1.1,125.51145922978657,2025-11-03 09h53.46.976654 +0530,
40,55,62,30,2,4,t,1.9235451000276953,None,4,2,30,3,132.57467139995424,,132.57161449996056,132.57467139995424,133.55749809998088,133.55749809998088,133.56593619997147,135.48365189996548,t,1.9235451000276953,None,312180,001,2025-11-03_09h53.43.855,delay discounting,,2025.1.1,125.51145922978657,2025-11-03 09h53.46.976654 +0530,
15,35,13,31,3,4,l,0.9107231000089087,None,4,3,31,1,135.49354689999018,,135.49035499995807,135.49354689999018,136.48232139996253,136.48232139996253,136.490952299966,137.4003227999783,l,0.9107231000089087,None,312180,001,2025-11-03_09h53.43.855,delay discounting,,2025.1.1,125.51145922978657,2025-11-03 09h53.46.976654 +0530,
67,75,119,32,4,4,t,0.9736083000316285,None,4,4,32,5,137.4090721999528,,137.40665599994827,137.4090721999528,138.3989406999899,138.3989406999899,138.40751949994592,139.3752110999776,t,0.9736083000316285,None,312180,001,2025-11-03_09h53.43.855,delay discounting,,2025.1.1,125.51145922978657,2025-11-03 09h53.46.976654 +0530,
11,30,7,33,5,4,l,0.8883651000214741,None,4,5,33,0,139.38550109998323,,139.3823330999585,139.38550109998323,140.37420510000084,140.37420510000084,140.3823511999799,141.26644969999325,l,0.8883651000214741,None,312180,001,2025-11-03_09h53.43.855,delay discounting,,2025.1.1,125.51145922978657,2025-11-03 09h53.46.976654 +0530,
27,50,21,34,6,4,l,1.3554660999798216,None,4,6,34,2,141.27494729997125,,141.27137659996515,141.27494729997125,142.2573754999903,142.2573754999903,142.26577989995712,143.61640859994804,l,1.3554660999798216,None,312180,001,2025-11-03_09h53.43.855,delay discounting,,2025.1.1,125.51145922978657,2025-11-03 09h53.46.976654 +0530,
27,50,21,35,0,5,t,4.606386300001759,None,5,0,35,2,143.62397939997027,,143.6167072999524,143.62397939997027,144.60715659998823,144.60715659998823,144.61535399995046,149.21570079994854,t,4.606386300001759,None,312180,001,2025-11-03_09h53.43.855,delay discounting,,2025.1.1,125.51145922978657,2025-11-03 09h53.46.976654 +0530,
49,60,89,36,1,5,t,1.3278448999626562,None,5,1,36,4,149.2245205999934,,149.2209748000023,149.2245205999934,150.20729779999238,150.20729779999238,150.2157463999465,151.54123739997158,t,1.3278448999626562,None,312180,001,2025-11-03_09h53.43.855,delay discounting,,2025.1.1,125.51145922978657,2025-11-03 09h53.46.976654 +0530,
67,75,119,37,2,5,t,0.7155614999937825,None,5,2,37,5,151.54978739999933,,151.54680419998476,151.54978739999933,152.53234979999252,152.53234979999252,152.54032939998433,153.2501510999864,t,0.7155614999937825,None,312180,001,2025-11-03_09h53.43.855,delay discounting,,2025.1.1,125.51145922978657,2025-11-03 09h53.46.976654 +0530,
78,80,162,38,3,5,t,0.6997090999502689,None,5,3,38,6,153.2579050999484,,153.25489699997706,153.2579050999484,154.24866559996735,154.24866559996735,154.24866559996735,154.94911869999487,t,0.6997090999502689,None,312180,001,2025-11-03_09h53.43.855,delay discounting,,2025.1.1,125.51145922978657,2025-11-03 09h53.46.976654 +0530,
11,30,7,39,4,5,l,0.9891928000142798,None,5,4,39,0,154.9581108999555,,154.95374629995786,154.9581108999555,155.94011460000183,155.94011460000183,155.95737319998443,156.93264610000188,l,0.9891928000142798,None,312180,001,2025-11-03_09h53.43.855,delay discounting,,2025.1.1,125.51145922978657,2025-11-03 09h53.46.976654 +0530,
15,35,13,40,5,5,l,1.0486037000082433,None,5,5,40,1,156.9403350999928,,156.93728089996148,156.9403350999928,157.92347229999723,157.92347229999723,157.93174579995684,158.9746747999452,l,1.0486037000082433,None,312180,001,2025-11-03_09h53.43.855,delay discounting,,2025.1.1,125.51145922978657,2025-11-03 09h53.46.976654 +0530,
40,55,62,41,6,5,t,0.5716026000445709,None,5,6,41,3,158.98422379995463,,158.98120879998896,158.98422379995463,159.9737089999835,159.9737089999835,159.98230139998486,160.54984549997607,t,0.5716026000445709,None,312180,001,2025-11-03_09h53.43.855,delay discounting,,2025.1.1,125.51145922978657,2025-11-03 09h53.46.976654 +0530,
15,35,13,42,0,6,l,1.0205115999560803,None,6,0,42,1,160.55855059996247,,160.5557003999711,160.55855059996247,161.5487479000003,161.5487479000003,161.55710409994936,162.574798799993,l,1.0205115999560803,None,312180,001,2025-11-03_09h53.43.855,delay discounting,,2025.1.1,125.51145922978657,2025-11-03 09h53.46.976654 +0530,
27,50,21,43,1,6,l,2.0762295000022277,None,6,1,43,2,162.58336150000105,,162.58034990000306,162.58336150000105,163.56534639996244,163.56534639996244,163.5821256999625,165.6497595999972,l,2.0762295000022277,None,312180,001,2025-11-03_09h53.43.855,delay discounting,,2025.1.1,125.51145922978657,2025-11-03 09h53.46.976654 +0530,
67,75,119,44,2,6,t,0.911827500036452,None,6,2,44,5,165.65752149996115,,165.6550134999561,165.65752149996115,166.648370699957,166.648370699957,166.648370699957,167.56633059994783,t,0.911827500036452,None,312180,001,2025-11-03_09h53.43.855,delay discounting,,2025.1.1,125.51145922978657,2025-11-03 09h53.46.976654 +0530,
40,55,62,45,3,6,t,1.8855691999779083,None,6,3,45,3,167.5750841999543,,167.57216589996824,167.5750841999543,168.56520569999702,168.56520569999702,168.57366309995996,170.45760159997735,t,1.8855691999779083,None,312180,001,2025-11-03_09h53.43.855,delay discounting,,2025.1.1,125.51145922978657,2025-11-03 09h53.46.976654 +0530,
49,60,89,46,4,6,l,2.645897100039292,None,6,4,46,4,170.4650047000032,,170.46251039998606,170.4650047000032,171.45703920000233,171.45703920000233,171.45703920000233,174.10794029996032,l,2.645897100039292,None,312180,001,2025-11-03_09h53.43.855,delay discounting,,2025.1.1,125.51145922978657,2025-11-03 09h53.46.976654 +0530,
11,30,7,47,5,6,l,6.556571900029667,None,6,5,47,0,174.1178321999614,,174.11452839995036,174.1178321999614,175.10686179995537,175.10686179995537,175.114854799991,181.66558239998994,l,6.556571900029667,None,312180,001,2025-11-03_09h53.43.855,delay discounting,,2025.1.1,125.51145922978657,2025-11-03 09h53.46.976654 +0530,
78,80,162,48,6,6,t,1.134285100037232,None,6,6,48,6,181.67414769995958,,181.67124029999832,181.67414769995958,182.65675979998196,182.65675979998196,182.6648373999633,183.7990829999908,t,1.134285100037232,None,312180,001,2025-11-03_09h53.43.855,delay discounting,,2025.1.1,125.51145922978657,2025-11-03 09h53.46.976654 +0530,
78,80,162,49,0,7,t,0.7597334000165574,None,7,0,49,6,183.80661179998424,,183.79954279999947,183.80661179998424,184.78973419999238,184.78973419999238,184.7984816999524,185.55749979999382,t,0.7597334000165574,None,312180,001,2025-11-03_09h53.43.855,delay discounting,,2025.1.1,125.51145922978657,2025-11-03 09h53.46.976654 +0530,
27,50,21,50,1,7,t,8.381319999985863,None,7,1,50,2,185.56515859998763,,185.5626233999501,185.56515859998763,186.55669299996225,186.55669299996225,186.55669299996225,194.94208169996273,t,8.381319999985863,None,312180,001,2025-11-03_09h53.43.855,delay discounting,,2025.1.1,125.51145922978657,2025-11-03 09h53.46.976654 +0530,
49,60,89,51,2,7,t,3.0488806999637745,None,7,2,51,4,194.94928119995166,,194.94689679995645,194.94928119995166,195.93972869997378,195.93972869997378,195.94829649996245,198.99070709996158,t,3.0488806999637745,None,312180,001,2025-11-03_09h53.43.855,delay discounting,,2025.1.1,125.51145922978657,2025-11-03 09h53.46.976654 +0530,
11,30,7,52,3,7,l,4.15512889996171,None,7,3,52,0,198.99823489994742,,198.9952970999875,198.99823489994742,199.98141949996352,199.98141949996352,199.98973069997737,204.1402143999585,l,4.15512889996171,None,312180,001,2025-11-03_09h53.43.855,delay discounting,,2025.1.1,125.51145922978657,2025-11-03 09h53.46.976654 +0530,
15,35,13,53,4,7,l,1.534502699971199,None,7,4,53,1,204.14815559994895,,204.1451906999573,204.14815559994895,205.13128929998493,205.13128929998493,205.13938919996144,206.67378039995674,l,1.534502699971199,None,312180,001,2025-11-03_09h53.43.855,delay discounting,,2025.1.1,125.51145922978657,2025-11-03 09h53.46.976654 +0530,
67,75,119,54,5,7,t,1.268572800036054,None,7,5,54,5,206.68185989995254,,206.67941129999235,206.68185989995254,207.66426849999698,207.66426849999698,207.672889199981,208.93964889994822,t,1.268572800036054,None,312180,001,2025-11-03_09h53.43.855,delay discounting,,2025.1.1,125.51145922978657,2025-11-03 09h53.46.976654 +0530,
40,55,62,55,6,7,t,1.3439778000465594,None,7,6,55,3,208.94748149998486,,208.9440172999748,208.94748149998486,209.93116079998435,209.93116079998435,209.93938649998745,211.2819918000023,t,1.3439778000465594,None,312180,001,2025-11-03_09h53.43.855,delay discounting,,2025.1.1,125.51145922978657,2025-11-03 09h53.46.976654 +0530,
27,50,21,56,0,8,t,1.1132478999788873,None,8,0,56,2,211.29125919996295,,211.28794389998075,211.29125919996295,212.2814957999508,212.2814957999508,212.28959669999313,213.39929149998352,t,1.1132478999788873,None,312180,001,2025-11-03_09h53.43.855,delay discounting,,2025.1.1,125.51145922978657,2025-11-03 09h53.46.976654 +0530,
40,55,62,57,1,8,t,1.7971245999797247,None,8,1,57,3,213.41008469997905,,213.406866299978,213.41008469997905,214.3978863999946,214.3978863999946,214.40598879999015,216.19836300000316,t,1.7971245999797247,None,312180,001,2025-11-03_09h53.43.855,delay discounting,,2025.1.1,125.51145922978657,2025-11-03 09h53.46.976654 +0530,
49,60,89,58,2,8,l,1.1513240999775007,None,8,2,58,4,216.2079351999564,,216.20418869995046,216.2079351999564,217.19727999996394,217.19727999996394,217.20599419996142,218.35630709998077,l,1.1513240999775007,None,312180,001,2025-11-03_09h53.43.855,delay discounting,,2025.1.1,125.51145922978657,2025-11-03 09h53.46.976654 +0530,
67,75,119,59,3,8,t,1.3206188000040129,None,8,3,59,5,218.36411439999938,,218.36039789998904,218.36411439999938,219.3477400999982,219.3477400999982,219.35599999997066,220.67349529999774,t,1.3206188000040129,None,312180,001,2025-11-03_09h53.43.855,delay discounting,,2025.1.1,125.51145922978657,2025-11-03 09h53.46.976654 +0530,
78,80,162,60,4,8,t,0.8751328999642283,None,8,4,60,6,220.6830718999845,,220.68012999999337,220.6830718999845,221.67277269996703,221.67277269996703,221.68098309997004,222.55003679997753,t,0.8751328999642283,None,312180,001,2025-11-03_09h53.43.855,delay discounting,,2025.1.1,125.51145922978657,2025-11-03 09h53.46.976654 +0530,
15,35,13,61,5,8,l,0.9015146999736317,None,8,5,61,1,222.55818759999238,,222.55536619998747,222.55818759999238,223.54766999999993,223.54766999999993,223.55609219998587,224.45704479998676,l,0.9015146999736317,None,312180,001,2025-11-03_09h53.43.855,delay discounting,,2025.1.1,125.51145922978657,2025-11-03 09h53.46.976654 +0530,
11,30,7,62,6,8,t,1.2306638999725692,None,8,6,62,0,224.46514299995033,,224.46205400000326,224.46514299995033,225.4559748999891,225.4559748999891,225.4559748999891,226.68945099995472,t,1.2306638999725692,None,312180,001,2025-11-03_09h53.43.855,delay discounting,,2025.1.1,125.51145922978657,2025-11-03 09h53.46.976654 +0530,
15,35,13,63,0,9,l,1.4239319000043906,None,9,0,63,1,226.69754259998444,,226.69436699996004,226.69754259998444,227.68085369997425,227.68085369997425,227.6889247999643,229.10714029998053,l,1.4239319000043906,None,312180,001,2025-11-03_09h53.43.855,delay discounting,,2025.1.1,125.51145922978657,2025-11-03 09h53.46.976654 +0530,
67,75,119,64,1,9,t,0.9114063000306487,None,9,1,64,5,229.11550869996427,,229.11247209995054,229.11550869996427,230.10586619999958,230.10586619999958,230.11421209998662,231.02382099995157,t,0.9114063000306487,None,312180,001,2025-11-03_09h53.43.855,delay discounting,,2025.1.1,125.51145922978657,2025-11-03 09h53.46.976654 +0530,
78,80,162,65,2,9,t,0.8678100999677554,None,9,2,65,6,231.03160229994683,,231.02880819997517,231.03160229994683,232.02263789996505,232.02263789996505,232.0310002999613,232.89824279997265,t,0.8678100999677554,None,312180,001,2025-11-03_09h53.43.855,delay discounting,,2025.1.1,125.51145922978657,2025-11-03 09h53.46.976654 +0530,
40,55,62,66,3,9,t,1.124642800015863,None,9,3,66,3,232.90621190000093,,232.90377249999437,232.90621190000093,233.88881949998904,233.88881949998904,233.89767769997707,235.01495240000077,t,1.124642800015863,None,312180,001,2025-11-03_09h53.43.855,delay discounting,,2025.1.1,125.51145922978657,2025-11-03 09h53.46.976654 +0530,
27,50,21,67,4,9,t,0.9677467999863438,None,9,4,67,2,235.0240877000033,,235.02099089999683,235.0240877000033,236.00632210000185,236.00632210000185,236.02265609998722,236.98179869999876,t,0.9677467999863438,None,312180,001,2025-11-03_09h53.43.855,delay discounting,,2025.1.1,125.51145922978657,2025-11-03 09h53.46.976654 +0530,
11,30,7,68,5,9,l,0.9094818999874406,None,9,5,68,0,236.98991979996208,,236.9873831999721,236.98991979996208,237.9806094999658,237.9806094999658,237.9887329999474,238.89816260000225,l,0.9094818999874406,None,312180,001,2025-11-03_09h53.43.855,delay discounting,,2025.1.1,125.51145922978657,2025-11-03 09h53.46.976654 +0530,
49,60,89,69,6,9,t,0.9671835000044666,None,9,6,69,4,238.90508899994893,,238.90241449995665,238.90508899994893,239.89834309997968,239.89834309997968,239.89834309997968,240.8722126999637,t,0.9671835000044666,None,312180,001,2025-11-03_09h53.43.855,delay discounting,,2025.1.1,125.51145922978657,2025-11-03 09h53.46.976654 +0530,
67,75,119,70,0,10,l,0.8610518000205047,None,10,0,70,5,240.88033849996282,,240.8755383999669,240.88033849996282,241.86407719994895,241.86407719994895,241.87229929998284,242.7324052999611,l,0.8610518000205047,None,312180,001,2025-11-03_09h53.43.855,delay discounting,,2025.1.1,125.51145922978657,2025-11-03 09h53.46.976654 +0530,
15,35,13,71,1,10,l,0.7884641999844462,None,10,1,71,1,242.7413595999824,,242.73802669998258,242.7413595999824,243.73018159996718,243.73018159996718,243.73875399999088,244.5225934999762,l,0.7884641999844462,None,312180,001,2025-11-03_09h53.43.855,delay discounting,,2025.1.1,125.51145922978657,2025-11-03 09h53.46.976654 +0530,
27,50,21,72,2,10,t,0.5275713999872096,None,10,2,72,2,244.53007439995417,,244.52681609999854,244.53007439995417,245.51414089999162,245.51414089999162,245.52243789995555,246.04762649995973,t,0.5275713999872096,None,312180,001,2025-11-03_09h53.43.855,delay discounting,,2025.1.1,125.51145922978657,2025-11-03 09h53.46.976654 +0530,
40,55,62,73,3,10,l,0.5932574999751523,None,10,3,73,3,246.05669019999914,,246.05308889999287,246.05669019999914,247.03907769999932,247.03907769999932,247.04717340000207,247.63968739996199,l,0.5932574999751523,None,312180,001,2025-11-03_09h53.43.855,delay discounting,,2025.1.1,125.51145922978657,2025-11-03 09h53.46.976654 +0530,
11,30,7,74,4,10,l,0.953458399977535,None,10,4,74,0,247.64847719995305,,247.645631899999,247.64847719995305,248.63896029995522,248.63896029995522,248.6473652999848,249.598535899946,l,0.953458399977535,None,312180,001,2025-11-03_09h53.43.855,delay discounting,,2025.1.1,125.51145922978657,2025-11-03 09h53.46.976654 +0530,
49,60,89,75,5,10,l,0.8760922999936156,None,10,5,75,4,249.60802249994595,,249.60501669999212,249.60802249994595,250.59721179999178,250.59721179999178,250.60564299998805,251.48158559994772,l,0.8760922999936156,None,312180,001,2025-11-03_09h53.43.855,delay discounting,,2025.1.1,125.51145922978657,2025-11-03 09h53.46.976654 +0530,
78,80,162,76,6,10,t,1.0099440999911167,None,10,6,76,6,251.49054759996943,,251.48786880000262,251.49054759996943,252.48045829997864,252.48045829997864,252.48877989995526,253.49793489999138,t,1.0099440999911167,None,312180,001,2025-11-03_09h53.43.855,delay discounting,,2025.1.1,125.51145922978657,2025-11-03 09h53.46.976654 +0530,
15,35,13,77,0,11,l,0.6820540999760851,None,11,0,77,1,253.50522249995265,,253.50251540000318,253.50522249995265,254.48840149998432,254.48840149998432,254.4970846999786,255.1728904999909,l,0.6820540999760851,None,312180,001,2025-11-03_09h53.43.855,delay discounting,,2025.1.1,125.51145922978657,2025-11-03 09h53.46.976654 +0530,
78,80,162,78,1,11,t,0.8640614000032656,None,11,1,78,6,255.18133949994808,,255.17848189995857,255.18133949994808,256.16321499994956,256.16321499994956,256.18041229998926,257.03134919999866,t,0.8640614000032656,None,312180,001,2025-11-03_09h53.43.855,delay discounting,,2025.1.1,125.51145922978657,2025-11-03 09h53.46.976654 +0530,
11,30,7,79,2,11,l,1.0378407000098377,None,11,2,79,0,257.0393273999798,,257.0364071999793,257.0393273999798,258.0304949999554,258.0304949999554,258.0304949999554,259.073003700003,l,1.0378407000098377,None,312180,001,2025-11-03_09h53.43.855,delay discounting,,2025.1.1,125.51145922978657,2025-11-03 09h53.46.976654 +0530,
49,60,89,80,3,11,t,1.1473649999825284,None,11,3,80,4,259.0813390999683,,259.078538999951,259.0813390999683,260.0719833999756,260.0719833999756,260.0800692999619,261.22255499998573,t,1.1473649999825284,None,312180,001,2025-11-03_09h53.43.855,delay discounting,,2025.1.1,125.51145922978657,2025-11-03 09h53.46.976654 +0530,
27,50,21,81,4,11,l,0.9750967000145465,None,11,4,81,2,261.23149499995634,,261.2283329999773,261.23149499995634,262.21355519996723,262.21355519996723,262.23050349997357,263.197982499958,l,0.9750967000145465,None,312180,001,2025-11-03_09h53.43.855,delay discounting,,2025.1.1,125.51145922978657,2025-11-03 09h53.46.976654 +0530,
40,55,62,82,5,11,t,0.9792256000218913,None,11,5,82,3,263.2054767999798,,263.20271449995926,263.2054767999798,264.19702249998227,264.19702249998227,264.19702249998227,265.1815834000008,t,0.9792256000218913,None,312180,001,2025-11-03_09h53.43.855,delay discounting,,2025.1.1,125.51145922978657,2025-11-03 09h53.46.976654 +0530,
67,75,119,83,6,11,t,0.873326700006146,None,11,6,83,5,265.1915053999983,,265.1884635000024,265.1915053999983,266.18001879996154,266.18001879996154,266.18847029999597,267.0556550999754,t,0.873326700006146,None,312180,001,2025-11-03_09h53.43.855,delay discounting,,2025.1.1,125.51145922978657,2025-11-03 09h53.46.976654 +0530,
49,60,89,84,0,12,l,2.234761299972888,None,12,0,84,4,267.0635382999899,,267.0605585000012,267.0635382999899,268.04706630000146,268.04706630000146,268.0553365999949,270.28939819999505,l,2.234761299972888,None,312180,001,2025-11-03_09h53.43.855,delay discounting,,2025.1.1,125.51145922978657,2025-11-03 09h53.46.976654 +0530,
78,80,162,85,1,12,t,1.0651859000208788,None,12,1,85,6,270.2977475999505,,270.29521459998796,270.2977475999505,271.2801193999476,271.2801193999476,271.28813409997383,272.34755389997736,t,1.0651859000208788,None,312180,001,2025-11-03_09h53.43.855,delay discounting,,2025.1.1,125.51145922978657,2025-11-03 09h53.46.976654 +0530,
11,30,7,86,2,12,l,1.2711568999802694,None,12,2,86,0,272.35706049995497,,272.35323399998015,272.35706049995497,273.3385788999731,273.3385788999731,273.35524919995805,274.61425879999297,l,1.2711568999802694,None,312180,001,2025-11-03_09h53.43.855,delay discounting,,2025.1.1,125.51145922978657,2025-11-03 09h53.46.976654 +0530,
40,55,62,87,3,12,t,0.7318496000370942,None,12,3,87,3,274.62249439995503,,274.6195933999843,274.62249439995503,275.6132876999909,275.6132876999909,275.6132876999909,276.3474932999816,t,0.7318496000370942,None,312180,001,2025-11-03_09h53.43.855,delay discounting,,2025.1.1,125.51145922978657,2025-11-03 09h53.46.976654 +0530,
15,35,13,88,4,12,t,0.8800792000256479,None,12,4,88,1,276.3590647999663,,276.3549581999541,276.3590647999663,277.34623109997483,277.34623109997483,277.35441529995296,278.23001819994533,t,0.8800792000256479,None,312180,001,2025-11-03_09h53.43.855,delay discounting,,2025.1.1,125.51145922978657,2025-11-03 09h53.46.976654 +0530,
67,75,119,89,5,12,t,0.7670739999739453,None,12,5,89,5,278.23793679999653,,278.2341702999547,278.23793679999653,279.22173739998834,279.22173739998834,279.2301413999521,279.99110639997525,t,0.7670739999739453,None,312180,001,2025-11-03_09h53.43.855,delay discounting,,2025.1.1,125.51145922978657,2025-11-03 09h53.46.976654 +0530,
27,50,21,90,6,12,l,0.9003954999498092,None,12,6,90,2,279.9986159999971,,279.9956385999685,279.9986159999971,280.9881790999789,280.9881790999789,280.9968957999954,281.8975192999933,l,0.9003954999498092,None,312180,001,2025-11-03_09h53.43.855,delay discounting,,2025.1.1,125.51145922978657,2025-11-03 09h53.46.976654 +0530,
67,75,119,91,0,13,t,0.8386670000036247,None,13,0,91,5,281.906734899967,,281.903920999961,281.906734899967,282.89633159997175,282.89633159997175,282.9056928999489,283.7389484999585,t,0.8386670000036247,None,312180,001,2025-11-03_09h53.43.855,delay discounting,,2025.1.1,125.51145922978657,2025-11-03 09h53.46.976654 +0530,
49,60,89,92,1,13,t,1.9499101000255905,None,13,1,92,4,283.74710419995245,,283.74390639999183,283.74710419995245,284.7297220999608,284.7297220999608,284.7379513999913,286.68066169996746,t,1.9499101000255905,None,312180,001,2025-11-03_09h53.43.855,delay discounting,,2025.1.1,125.51145922978657,2025-11-03 09h53.46.976654 +0530,
78,80,162,93,2,13,t,0.793010699970182,None,13,2,93,6,286.6888932999573,,286.68616589996964,286.6888932999573,287.67146869999124,287.67146869999124,287.6799125999678,288.4726898999652,t,0.793010699970182,None,312180,001,2025-11-03_09h53.43.855,delay discounting,,2025.1.1,125.51145922978657,2025-11-03 09h53.46.976654 +0530,
15,35,13,94,3,13,l,0.792728700034786,None,13,3,94,1,288.481135799957,,288.47857139998814,288.481135799957,289.47145409998484,289.47145409998484,289.4796464999672,290.2718077999889,l,0.792728700034786,None,312180,001,2025-11-03_09h53.43.855,delay discounting,,2025.1.1,125.51145922978657,2025-11-03 09h53.46.976654 +0530,
40,55,62,95,4,13,t,1.3194559999974445,None,13,4,95,3,290.2791456999839,,290.2764766999753,290.2791456999839,291.26287609996507,291.26287609996507,291.2710229999502,292.58894789998885,t,1.3194559999974445,None,312180,001,2025-11-03_09h53.43.855,delay discounting,,2025.1.1,125.51145922978657,2025-11-03 09h53.46.976654 +0530,
11,30,7,96,5,13,l,0.7909392999717966,None,13,5,96,0,292.59954009996727,,292.59647349995794,292.59954009996727,293.58795019995887,293.58795019995887,293.596307699976,294.38008179998724,l,0.7909392999717966,None,312180,001,2025-11-03_09h53.43.855,delay discounting,,2025.1.1,125.51145922978657,2025-11-03 09h53.46.976654 +0530,
27,50,21,97,6,13,t,0.6173360999673605,None,13,6,97,2,294.3874988000025,,294.3843903999659,294.3874988000025,295.3711084999959,295.3711084999959,295.3799349999754,295.99685969995335,t,0.6173360999673605,None,312180,001,2025-11-03_09h53.43.855,delay discounting,,2025.1.1,125.51145922978657,2025-11-03 09h53.46.976654 +0530,
27,50,21,98,0,14,t,0.9779530999949202,None,14,0,98,2,296.0045835999772,,295.99712099996395,296.0045835999772,296.9877813999774,296.9877813999774,296.9963728999719,297.97216819995083,t,0.9779530999949202,None,312180,001,2025-11-03_09h53.43.855,delay discounting,,2025.1.1,125.51145922978657,2025-11-03 09h53.46.976654 +0530,
78,80,162,99,1,14,t,0.9927049999823794,None,14,1,99,6,297.9802435999736,,297.9772387999692,297.9802435999736,298.9629435999668,298.9629435999668,298.97130319999997,299.9637598999543,t,0.9927049999823794,None,312180,001,2025-11-03_09h53.43.855,delay discounting,,2025.1.1,125.51145922978657,2025-11-03 09h53.46.976654 +0530,
67,75,119,100,2,14,t,1.3904070999706164,None,14,2,100,5,299.9720769999549,,299.9696159999585,299.9720769999549,300.9544134999742,300.9544134999742,300.96242349996464,302.3468570999685,t,1.3904070999706164,None,312180,001,2025-11-03_09h53.43.855,delay discounting,,2025.1.1,125.51145922978657,2025-11-03 09h53.46.976654 +0530,
40,55,62,101,3,14,t,1.7530405999859795,None,14,3,101,3,302.3548474999843,,302.351666499977,302.3548474999843,303.3378608999774,303.3378608999774,303.3464098999975,305.09685769997304,t,1.7530405999859795,None,312180,001,2025-11-03_09h53.43.855,delay discounting,,2025.1.1,125.51145922978657,2025-11-03 09h53.46.976654 +0530,
15,35,13,102,4,14,t,1.627866399998311,None,14,4,102,1,305.104959099961,,305.10180499998387,305.104959099961,306.0961910999613,306.0961910999613,306.0961910999613,307.73013049998553,t,1.627866399998311,None,312180,001,2025-11-03_09h53.43.855,delay discounting,,2025.1.1,125.51145922978657,2025-11-03 09h53.46.976654 +0530,
11,30,7,103,5,14,l,2.8360472999629565,None,14,5,103,0,307.73950979998335,,307.7358967999462,307.73950979998335,308.72917939996114,308.72917939996114,308.73766719998093,311.57213349995436,l,2.8360472999629565,None,312180,001,2025-11-03_09h53.43.855,delay discounting,,2025.1.1,125.51145922978657,2025-11-03 09h53.46.976654 +0530,
49,60,89,104,6,14,t,0.6550013999803923,None,14,6,104,4,311.58145959995454,,311.57820839999476,311.58145959995454,312.57104969996726,312.57104969996726,312.57959959999425,313.2297812999459,t,0.6550013999803923,None,312180,001,2025-11-03_09h53.43.855,delay discounting,,2025.1.1,125.51145922978657,2025-11-03 09h53.46.976654 +0530,
