thisN,thisTrialN,thisRepN,key_resp.keys,key_resp.corr,key_resp.rt,key_resp.duration,tilt,trials.thisRepN,trials.thisTrialN,trials.thisN,trials.thisIndex,thisRow.t,notes,trial.started,fixation.started,key_resp.started,fixation.stopped,trial.stopped,trials.key_resp.keys,trials.key_resp.corr,trials.key_resp.rt,trials.key_resp.duration,trials.tilt,participant,session,date,expName,expVersion,psychopyVersion,frameRate,expStart,
0,0,0,up,0,3.5613832999952137,None,-5,0,0,0,0,0.005632000043988228,,0.002186700003221631,0.005632000043988228,1.0010654998477548,1.016924399882555,4.583078199997544,up,0,3.5613832999952137,None,-5,796345,001,2025-09-09_15h11.54.323,signal detection,,2025.1.1,60.07965360977716,2025-09-09 15h11.59.680743 +0530,
1,0,1,down,1,2.597710399888456,None,4,1,0,1,0,4.587565999943763,,4.5833403000142425,4.587565999943763,5.596716099884361,5.596716099884361,8.211490999907255,down,1,2.597710399888456,None,4,796345,001,2025-09-09_15h11.54.323,signal detection,,2025.1.1,60.07965360977716,2025-09-09 15h11.59.680743 +0530,
2,0,2,down,1,0.9835463999770582,None,3,2,0,2,0,8.229754699859768,,8.21169720008038,8.229754699859768,9.212636600015685,9.226952699944377,10.209605499869213,down,1,0.9835463999770582,None,3,796345,001,2025-09-09_15h11.54.323,signal detection,,2025.1.1,60.07965360977716,2025-09-09 15h11.59.680743 +0530,
3,0,3,up,1,3.2931017000228167,None,0,3,0,3,0,10.22764419997111,,10.209756599972025,10.22764419997111,11.211736399913207,11.225186199881136,14.506507700076327,up,1,3.2931017000228167,None,0,796345,001,2025-09-09_15h11.54.323,signal detection,,2025.1.1,60.07965360977716,2025-09-09 15h11.59.680743 +0530,
4,0,4,up,1,1.2483415000606328,None,0,4,0,4,0,14.525095500051975,,14.506804599892348,14.525095500051975,15.507235100027174,15.538571799872443,16.770988199859858,up,1,1.2483415000606328,None,0,796345,001,2025-09-09_15h11.54.323,signal detection,,2025.1.1,60.07965360977716,2025-09-09 15h11.59.680743 +0530,
5,0,5,down,1,3.3405668998602778,None,-5,5,0,5,0,16.78986099991016,,16.77117670001462,16.78986099991016,17.77173150004819,17.80366600002162,21.117778999963775,down,1,3.3405668998602778,None,-5,796345,001,2025-09-09_15h11.54.323,signal detection,,2025.1.1,60.07965360977716,2025-09-09 15h11.59.680743 +0530,
6,0,6,up,1,1.2426794997882098,None,0,6,0,6,0,21.135674400022253,,21.11805110005662,21.135674400022253,22.118355399928987,22.13309899996966,23.36621919996105,up,1,1.2426794997882098,None,0,796345,001,2025-09-09_15h11.54.323,signal detection,,2025.1.1,60.07965360977716,2025-09-09 15h11.59.680743 +0530,
7,0,7,up,0,1.0626481000799686,None,-2,7,0,7,0,23.383943299995735,,23.36663719988428,23.383943299995735,24.366530200000852,24.381527099991217,25.431013999972492,up,0,1.0626481000799686,None,-2,796345,001,2025-09-09_15h11.54.323,signal detection,,2025.1.1,60.07965360977716,2025-09-09 15h11.59.680743 +0530,
8,0,8,up,0,0.8023409000597894,None,1,8,0,8,0,25.448824000079185,,25.43142639985308,25.448824000079185,26.43171130004339,26.446182599989697,27.245676999911666,up,0,0.8023409000597894,None,1,796345,001,2025-09-09_15h11.54.323,signal detection,,2025.1.1,60.07965360977716,2025-09-09 15h11.59.680743 +0530,
9,0,9,up,1,1.7311466000974178,None,0,9,0,9,0,27.263811700046062,,27.245834300061688,27.263811700046062,28.24658300005831,28.261616799980402,29.994034299859777,up,1,1.7311466000974178,None,0,796345,001,2025-09-09_15h11.54.323,signal detection,,2025.1.1,60.07965360977716,2025-09-09 15h11.59.680743 +0530,
10,0,10,down,1,1.2358321000356227,None,3,10,0,10,0,30.011553899850696,,29.994391799904406,30.011553899850696,30.994407600024715,31.009274600073695,32.24221169995144,down,1,1.2358321000356227,None,3,796345,001,2025-09-09_15h11.54.323,signal detection,,2025.1.1,60.07965360977716,2025-09-09 15h11.59.680743 +0530,
11,0,11,down,1,0.6036129998974502,None,4,11,0,11,0,32.260205999948084,,32.24262399994768,32.260205999948084,33.2423369998578,33.27436530007981,33.85750290006399,down,1,0.6036129998974502,None,4,796345,001,2025-09-09_15h11.54.323,signal detection,,2025.1.1,60.07965360977716,2025-09-09 15h11.59.680743 +0530,
12,0,12,down,1,1.650762700010091,None,2,12,0,12,0,33.875324100023136,,33.857718700077385,33.875324100023136,34.85788969998248,34.873086699983105,36.52203359990381,down,1,1.650762700010091,None,2,796345,001,2025-09-09_15h11.54.323,signal detection,,2025.1.1,60.07965360977716,2025-09-09 15h11.59.680743 +0530,
13,0,13,up,1,2.2460394999943674,None,0,13,0,13,0,36.54001650004648,,36.52240919996984,36.54001650004648,37.52252830006182,37.53738770005293,39.76974379993044,up,1,2.2460394999943674,None,0,796345,001,2025-09-09_15h11.54.323,signal detection,,2025.1.1,60.07965360977716,2025-09-09 15h11.59.680743 +0530,
14,0,14,up,1,0.7589404999744147,None,0,14,0,14,0,39.78718059998937,,39.770126699935645,39.78718059998937,40.77010129997507,40.78492289991118,41.534503899980336,up,1,0.7589404999744147,None,0,796345,001,2025-09-09_15h11.54.323,signal detection,,2025.1.1,60.07965360977716,2025-09-09 15h11.59.680743 +0530,
15,0,15,up,1,0.7318004998378456,None,0,15,0,15,0,41.552356200059876,,41.534885599976406,41.552356200059876,42.534608899848536,42.56624779989943,43.28330580005422,up,1,0.7318004998378456,None,0,796345,001,2025-09-09_15h11.54.323,signal detection,,2025.1.1,60.07965360977716,2025-09-09 15h11.59.680743 +0530,
16,0,16,down,1,1.108118100091815,None,4,16,0,16,0,43.30134920007549,,43.28376160003245,43.30134920007549,44.28352509997785,44.31534119998105,45.39809149992652,down,1,1.108118100091815,None,4,796345,001,2025-09-09_15h11.54.323,signal detection,,2025.1.1,60.07965360977716,2025-09-09 15h11.59.680743 +0530,
17,0,17,down,1,0.8590180999599397,None,1,17,0,17,0,45.415886299917474,,45.39850710006431,45.415886299917474,46.39847579994239,46.41353839985095,47.26334730000235,down,1,0.8590180999599397,None,1,796345,001,2025-09-09_15h11.54.323,signal detection,,2025.1.1,60.07965360977716,2025-09-09 15h11.59.680743 +0530,
18,0,18,down,1,2.1408214000985026,None,-2,18,0,18,0,47.28143809991889,,47.26376000000164,47.28143809991889,48.26355280005373,48.295249100076035,50.41058019991033,down,1,2.1408214000985026,None,-2,796345,001,2025-09-09_15h11.54.323,signal detection,,2025.1.1,60.07965360977716,2025-09-09 15h11.59.680743 +0530,
19,0,19,up,1,1.0426378999836743,None,0,19,0,19,0,50.42836369993165,,50.41095819999464,50.42836369993165,51.411341399885714,51.42608950007707,52.459035699954256,up,1,1.0426378999836743,None,0,796345,001,2025-09-09_15h11.54.323,signal detection,,2025.1.1,60.07965360977716,2025-09-09 15h11.59.680743 +0530,
20,0,20,down,1,2.5364492998924106,None,1,20,0,20,0,52.47664209990762,,52.459459400037304,52.47664209990762,53.461083200061694,53.47422509989701,56.00614159996621,down,1,2.5364492998924106,None,1,796345,001,2025-09-09_15h11.54.323,signal detection,,2025.1.1,60.07965360977716,2025-09-09 15h11.59.680743 +0530,
21,0,21,up,1,1.2579226999077946,None,0,21,0,21,0,56.02368149999529,,56.00651800003834,56.02368149999529,57.00638929987326,57.02152130007744,58.27066839998588,up,1,1.2579226999077946,None,0,796345,001,2025-09-09_15h11.54.323,signal detection,,2025.1.1,60.07965360977716,2025-09-09 15h11.59.680743 +0530,
22,0,22,down,1,0.8132949001155794,None,4,22,0,22,0,58.288689099950716,,58.27108839992434,58.288689099950716,59.27101909997873,59.30265159998089,60.085788999916986,down,1,0.8132949001155794,None,4,796345,001,2025-09-09_15h11.54.323,signal detection,,2025.1.1,60.07965360977716,2025-09-09 15h11.59.680743 +0530,
23,0,23,up,1,1.337448599981144,None,0,23,0,23,0,60.10429549985565,,60.08616429986432,60.10429549985565,61.086144499946386,61.11809740005992,62.43378550000489,up,1,1.337448599981144,None,0,796345,001,2025-09-09_15h11.54.323,signal detection,,2025.1.1,60.07965360977716,2025-09-09 15h11.59.680743 +0530,
24,0,24,down,1,0.7212250002194196,None,4,24,0,24,0,62.45190139999613,,62.43421779992059,62.45190139999613,63.43440239992924,63.44914979999885,64.16611610003747,down,1,0.7212250002194196,None,4,796345,001,2025-09-09_15h11.54.323,signal detection,,2025.1.1,60.07965360977716,2025-09-09 15h11.59.680743 +0530,
25,0,25,up,1,0.9861262000631541,None,0,25,0,25,0,64.18354530003853,,64.16649089986458,64.18354530003853,65.16614459990524,65.18120980006643,66.16445559985004,up,1,0.9861262000631541,None,0,796345,001,2025-09-09_15h11.54.323,signal detection,,2025.1.1,60.07965360977716,2025-09-09 15h11.59.680743 +0530,
26,0,26,up,1,0.7462092000059783,None,0,26,0,26,0,66.1820634000469,,66.16482859989628,66.1820634000469,67.16459010005929,67.17949280003086,67.91283809999004,up,1,0.7462092000059783,None,0,796345,001,2025-09-09_15h11.54.323,signal detection,,2025.1.1,60.07965360977716,2025-09-09 15h11.59.680743 +0530,
27,0,27,down,1,1.7258323000278324,None,1,27,0,27,0,67.93103690003045,,67.91324959998019,67.93103690003045,68.91312549985014,68.94485550001264,70.64414089987986,down,1,1.7258323000278324,None,1,796345,001,2025-09-09_15h11.54.323,signal detection,,2025.1.1,60.07965360977716,2025-09-09 15h11.59.680743 +0530,
28,0,28,up,1,0.5229604998603463,None,0,28,0,28,0,70.6617777000647,,70.64452029997483,70.6617777000647,71.64431119989604,71.65924139996059,72.17605039989576,up,1,0.5229604998603463,None,0,796345,001,2025-09-09_15h11.54.323,signal detection,,2025.1.1,60.07965360977716,2025-09-09 15h11.59.680743 +0530,
29,0,29,up,1,0.7315923001151532,None,0,29,0,29,0,72.19370219996199,,72.17643809993751,72.19370219996199,73.17654090002179,73.19128739996813,73.92396240006201,up,1,0.7315923001151532,None,0,796345,001,2025-09-09_15h11.54.323,signal detection,,2025.1.1,60.07965360977716,2025-09-09 15h11.59.680743 +0530,
30,0,30,up,1,0.6022475000936538,None,0,30,0,30,0,73.94265189999714,,73.92420069989748,73.94265189999714,74.92464079987258,74.95642619999126,75.53993339999579,up,1,0.6022475000936538,None,0,796345,001,2025-09-09_15h11.54.323,signal detection,,2025.1.1,60.07965360977716,2025-09-09 15h11.59.680743 +0530,
31,0,31,up,1,0.9414156000129879,None,0,31,0,31,0,75.55782209988683,,75.5403273999691,75.55782209988683,76.54079800006002,76.55533199990168,77.48878520005383,up,1,0.9414156000129879,None,0,796345,001,2025-09-09_15h11.54.323,signal detection,,2025.1.1,60.07965360977716,2025-09-09 15h11.59.680743 +0530,
32,0,32,down,1,0.6507196999154985,None,4,32,0,32,0,77.50611139996909,,77.48920059995726,77.50611139996909,78.48888919991441,78.50387199991383,79.15371629991569,down,1,0.6507196999154985,None,4,796345,001,2025-09-09_15h11.54.323,signal detection,,2025.1.1,60.07965360977716,2025-09-09 15h11.59.680743 +0530,
33,0,33,down,1,0.7754474000539631,None,-3,33,0,33,0,79.17158229998313,,79.15413689985871,79.17158229998313,80.15390709997155,80.18560169986449,80.93513999995776,down,1,0.7754474000539631,None,-3,796345,001,2025-09-09_15h11.54.323,signal detection,,2025.1.1,60.07965360977716,2025-09-09 15h11.59.680743 +0530,
34,0,34,down,0,1.5337159000337124,None,0,34,0,34,0,80.95328109990805,,80.93528830003925,80.95328109990805,81.93595779989846,81.95080560003407,83.48340719984844,down,0,1.5337159000337124,None,0,796345,001,2025-09-09_15h11.54.323,signal detection,,2025.1.1,60.07965360977716,2025-09-09 15h11.59.680743 +0530,
35,0,35,down,1,0.8238983999472111,None,-3,35,0,35,0,83.50103699997999,,83.48380240006372,83.50103699997999,84.4841358999256,84.49868049984798,85.3148481999524,down,1,0.8238983999472111,None,-3,796345,001,2025-09-09_15h11.54.323,signal detection,,2025.1.1,60.07965360977716,2025-09-09 15h11.59.680743 +0530,
36,0,36,up,1,0.6733600001316518,None,0,36,0,36,0,85.33280239999294,,85.31506769987755,85.33280239999294,86.31625350005925,86.33037770004012,86.99727809987962,up,1,0.6733600001316518,None,0,796345,001,2025-09-09_15h11.54.323,signal detection,,2025.1.1,60.07965360977716,2025-09-09 15h11.59.680743 +0530,
37,0,37,up,1,0.5742603000253439,None,0,37,0,37,0,87.01489569991827,,86.99764279997908,87.01489569991827,87.9975336000789,88.01263480004855,88.57933039986528,up,1,0.5742603000253439,None,0,796345,001,2025-09-09_15h11.54.323,signal detection,,2025.1.1,60.07965360977716,2025-09-09 15h11.59.680743 +0530,
38,0,38,up,0,0.5137752001173794,None,-2,38,0,38,0,88.59695899998769,,88.5797435999848,88.59695899998769,89.57988539990038,89.5946160000749,90.09475639997981,up,0,0.5137752001173794,None,-2,796345,001,2025-09-09_15h11.54.323,signal detection,,2025.1.1,60.07965360977716,2025-09-09 15h11.59.680743 +0530,
39,0,39,down,1,0.7107943999581039,None,4,39,0,39,0,90.11216109991074,,90.09524909988977,90.11216109991074,91.09489910001867,91.10979459993541,91.80937859998085,down,1,0.7107943999581039,None,4,796345,001,2025-09-09_15h11.54.323,signal detection,,2025.1.1,60.07965360977716,2025-09-09 15h11.59.680743 +0530,
40,0,40,down,1,0.5857903000432998,None,-5,40,0,40,0,91.82760660001077,,91.80974379996769,91.82760660001077,92.81042269989848,92.82539450004697,93.40852309996262,down,1,0.5857903000432998,None,-5,796345,001,2025-09-09_15h11.54.323,signal detection,,2025.1.1,60.07965360977716,2025-09-09 15h11.59.680743 +0530,
41,0,41,down,1,1.2054864999372512,None,2,41,0,41,0,93.42652760003693,,93.40901639987715,93.42652760003693,94.40900340001099,94.42385190003552,95.62335269991308,down,1,1.2054864999372512,None,2,796345,001,2025-09-09_15h11.54.323,signal detection,,2025.1.1,60.07965360977716,2025-09-09 15h11.59.680743 +0530,
42,0,42,down,1,0.7165475999936461,None,-3,42,0,42,0,95.64141829987057,,95.62374279997312,95.64141829987057,96.62380709988065,96.63902379991487,97.35531140002422,down,1,0.7165475999936461,None,-3,796345,001,2025-09-09_15h11.54.323,signal detection,,2025.1.1,60.07965360977716,2025-09-09 15h11.59.680743 +0530,
43,0,43,up,1,0.873476899927482,None,0,43,0,43,0,97.37340879999101,,97.35572910006158,97.37340879999101,98.35559069993906,98.38748129992746,99.23677559988573,up,1,0.873476899927482,None,0,796345,001,2025-09-09_15h11.54.323,signal detection,,2025.1.1,60.07965360977716,2025-09-09 15h11.59.680743 +0530,
44,0,44,down,1,1.0955246998928487,None,4,44,0,44,0,99.25469019985758,,99.2370493998751,99.25469019985758,100.2374749998562,100.25242140004411,101.3352832000237,down,1,1.0955246998928487,None,4,796345,001,2025-09-09_15h11.54.323,signal detection,,2025.1.1,60.07965360977716,2025-09-09 15h11.59.680743 +0530,
45,0,45,up,1,0.8231604997999966,None,0,45,0,45,0,101.35276829986833,,101.33546829991974,101.35276829986833,102.33588929986581,102.35049579991028,103.167371599935,up,1,0.8231604997999966,None,0,796345,001,2025-09-09_15h11.54.323,signal detection,,2025.1.1,60.07965360977716,2025-09-09 15h11.59.680743 +0530,
46,0,46,down,1,0.7078520997893065,None,4,46,0,46,0,103.18504610005766,,103.16780119994655,103.18504610005766,104.16766959987581,104.18256990006194,104.88251499994658,down,1,0.7078520997893065,None,4,796345,001,2025-09-09_15h11.54.323,signal detection,,2025.1.1,60.07965360977716,2025-09-09 15h11.59.680743 +0530,
47,0,47,up,0,0.8046782000456005,None,-3,47,0,47,0,104.90047029987909,,104.88301540003158,104.90047029987909,105.88261009985581,105.91467079985887,106.69756640004925,up,0,0.8046782000456005,None,-3,796345,001,2025-09-09_15h11.54.323,signal detection,,2025.1.1,60.07965360977716,2025-09-09 15h11.59.680743 +0530,
48,0,48,up,1,0.9134105001576245,None,0,48,0,48,0,106.71532989991829,,106.6979201999493,106.71532989991829,107.69768769992515,107.71318980003707,108.61260019987822,up,1,0.9134105001576245,None,0,796345,001,2025-09-09_15h11.54.323,signal detection,,2025.1.1,60.07965360977716,2025-09-09 15h11.59.680743 +0530,
49,0,49,up,0,0.7874729000031948,None,-2,49,0,49,0,108.63075749995187,,108.61300939996727,108.63075749995187,109.61284139985219,109.6444556999486,110.4108958998695,up,0,0.7874729000031948,None,-2,796345,001,2025-09-09_15h11.54.323,signal detection,,2025.1.1,60.07965360977716,2025-09-09 15h11.59.680743 +0530,
50,0,50,up,0,0.6495467000640929,None,1,50,0,50,0,110.42904859990813,,110.41114059998654,110.42904859990813,111.41148949996568,111.42668429994956,112.07661850005388,up,0,0.6495467000640929,None,1,796345,001,2025-09-09_15h11.54.323,signal detection,,2025.1.1,60.07965360977716,2025-09-09 15h11.59.680743 +0530,
51,0,51,down,1,0.8817055998370051,None,4,51,0,51,0,112.09419610002078,,112.07702729990706,112.09419610002078,113.07692750007845,113.0919657999184,113.9750659998972,down,1,0.8817055998370051,None,4,796345,001,2025-09-09_15h11.54.323,signal detection,,2025.1.1,60.07965360977716,2025-09-09 15h11.59.680743 +0530,
52,0,52,up,0,0.799460900016129,None,-3,52,0,52,0,113.99277959996834,,113.97556509985588,113.99277959996834,114.97537559992634,114.99003900005482,115.79002709989436,up,0,0.799460900016129,None,-3,796345,001,2025-09-09_15h11.54.323,signal detection,,2025.1.1,60.07965360977716,2025-09-09 15h11.59.680743 +0530,
53,0,53,down,0,0.8219031998887658,None,0,53,0,53,0,115.807890499942,,115.79040999989957,115.807890499942,116.79097520001233,116.805542799877,117.62191729992628,down,0,0.8219031998887658,None,0,796345,001,2025-09-09_15h11.54.323,signal detection,,2025.1.1,60.07965360977716,2025-09-09 15h11.59.680743 +0530,
54,0,54,up,1,0.6228479000274092,None,0,54,0,54,0,117.64004729990847,,117.6222918999847,117.64004729990847,118.62277280003764,118.63719599996693,119.25403969991021,up,1,0.6228479000274092,None,0,796345,001,2025-09-09_15h11.54.323,signal detection,,2025.1.1,60.07965360977716,2025-09-09 15h11.59.680743 +0530,
55,0,55,down,1,0.8745782999321818,None,4,55,0,55,0,119.27165369992144,,119.25459420005791,119.27165369992144,120.25449829990976,120.26916419994086,121.13576709991321,down,1,0.8745782999321818,None,4,796345,001,2025-09-09_15h11.54.323,signal detection,,2025.1.1,60.07965360977716,2025-09-09 15h11.59.680743 +0530,
56,0,56,up,1,1.0004946000408381,None,0,56,0,56,0,121.1535322999116,,121.1361471998971,121.1535322999116,122.13610380003229,122.15103859989904,123.15051629999653,up,1,1.0004946000408381,None,0,796345,001,2025-09-09_15h11.54.323,signal detection,,2025.1.1,60.07965360977716,2025-09-09 15h11.59.680743 +0530,
57,0,57,down,1,1.1969400998204947,None,-5,57,0,57,0,123.16841980000027,,123.1507737999782,123.16841980000027,124.15123479999602,124.16608179989271,125.3494609000627,down,1,1.1969400998204947,None,-5,796345,001,2025-09-09_15h11.54.323,signal detection,,2025.1.1,60.07965360977716,2025-09-09 15h11.59.680743 +0530,
58,0,58,up,0,1.2951487000100315,None,-4,58,0,58,0,125.36678140005097,,125.34987729997374,125.36678140005097,126.34914049995132,126.36392709985375,127.64710960001685,up,0,1.2951487000100315,None,-4,796345,001,2025-09-09_15h11.54.323,signal detection,,2025.1.1,60.07965360977716,2025-09-09 15h11.59.680743 +0530,
59,0,59,down,1,0.7573541000019759,None,4,59,0,59,0,127.66484709992073,,127.64752650004812,127.66484709992073,128.6474291998893,128.66264169989154,129.41246969997883,down,1,0.7573541000019759,None,4,796345,001,2025-09-09_15h11.54.323,signal detection,,2025.1.1,60.07965360977716,2025-09-09 15h11.59.680743 +0530,
60,0,60,up,0,1.3456803001463413,None,3,60,0,60,0,129.4303321999032,,129.41288620000705,129.4303321999032,130.41234569996595,130.44450720003806,131.76026839995757,up,0,1.3456803001463413,None,3,796345,001,2025-09-09_15h11.54.323,signal detection,,2025.1.1,60.07965360977716,2025-09-09 15h11.59.680743 +0530,
61,0,61,up,1,0.8334319000132382,None,0,61,0,61,0,131.77810009988025,,131.76064720004797,131.77810009988025,132.76099710003473,132.77557189995423,133.60901289992034,up,1,0.8334319000132382,None,0,796345,001,2025-09-09_15h11.54.323,signal detection,,2025.1.1,60.07965360977716,2025-09-09 15h11.59.680743 +0530,
62,0,62,up,0,1.4555362998507917,None,-2,62,0,62,0,133.62644120003097,,133.60942759993486,133.62644120003097,134.6093353999313,134.62432769988663,136.07355799991637,up,0,1.4555362998507917,None,-2,796345,001,2025-09-09_15h11.54.323,signal detection,,2025.1.1,60.07965360977716,2025-09-09 15h11.59.680743 +0530,
63,0,63,up,1,0.8982968002092093,None,0,63,0,63,0,136.09171910001896,,136.0739263999276,136.09171910001896,137.07378159998916,137.10544850002043,137.98796000005677,up,1,0.8982968002092093,None,0,796345,001,2025-09-09_15h11.54.323,signal detection,,2025.1.1,60.07965360977716,2025-09-09 15h11.59.680743 +0530,
64,0,64,down,1,0.7073083999566734,None,-5,64,0,64,0,138.00666059996001,,137.9881893999409,138.00666059996001,138.9888800000772,139.02044279989786,139.7031646000687,down,1,0.7073083999566734,None,-5,796345,001,2025-09-09_15h11.54.323,signal detection,,2025.1.1,60.07965360977716,2025-09-09 15h11.59.680743 +0530,
65,0,65,down,1,0.784092899877578,None,-4,65,0,65,0,139.72170850005932,,139.70333949988708,139.72170850005932,140.7046312999446,140.7191292999778,141.50248340005055,down,1,0.784092899877578,None,-4,796345,001,2025-09-09_15h11.54.323,signal detection,,2025.1.1,60.07965360977716,2025-09-09 15h11.59.680743 +0530,
66,0,66,up,1,1.155245600035414,None,0,66,0,66,0,141.52051070006564,,141.5028549998533,141.52051070006564,142.50268909987062,142.53446269989945,143.66668369993567,up,1,1.155245600035414,None,0,796345,001,2025-09-09_15h11.54.323,signal detection,,2025.1.1,60.07965360977716,2025-09-09 15h11.59.680743 +0530,
67,0,67,up,0,0.7202306999824941,None,1,67,0,67,0,143.68506619986147,,143.6668366000522,143.68506619986147,144.66752370004542,144.68252280005254,145.39930210006423,up,0,0.7202306999824941,None,1,796345,001,2025-09-09_15h11.54.323,signal detection,,2025.1.1,60.07965360977716,2025-09-09 15h11.59.680743 +0530,
68,0,68,up,1,0.6334744000341743,None,0,68,0,68,0,145.4166512999218,,145.39977500005625,145.4166512999218,146.39960110001266,146.4140325000044,147.04793359991163,up,1,0.6334744000341743,None,0,796345,001,2025-09-09_15h11.54.323,signal detection,,2025.1.1,60.07965360977716,2025-09-09 15h11.59.680743 +0530,
69,0,69,up,1,0.6053985999897122,None,0,69,0,69,0,147.06549489987083,,147.0483067999594,147.06549489987083,148.04820959991775,148.06329540000297,148.66315669985488,up,1,0.6053985999897122,None,0,796345,001,2025-09-09_15h11.54.323,signal detection,,2025.1.1,60.07965360977716,2025-09-09 15h11.59.680743 +0530,
70,0,70,up,1,0.7552489000372589,None,0,70,0,70,0,148.68113459995948,,148.66353819984943,148.68113459995948,149.66337600001134,149.69482830003835,150.4282811000012,up,1,0.7552489000372589,None,0,796345,001,2025-09-09_15h11.54.323,signal detection,,2025.1.1,60.07965360977716,2025-09-09 15h11.59.680743 +0530,
71,0,71,up,1,2.5841848000418395,None,0,71,0,71,0,150.44610479986295,,150.42866449989378,150.44610479986295,151.42872489988804,151.44378169998527,154.02537839999422,up,1,2.5841848000418395,None,0,796345,001,2025-09-09_15h11.54.323,signal detection,,2025.1.1,60.07965360977716,2025-09-09 15h11.59.680743 +0530,
72,0,72,up,1,0.8811007000040263,None,0,72,0,72,0,154.04290400003083,,154.02574539999478,154.04290400003083,155.02568279998377,155.04063909989782,155.92352559999563,up,1,0.8811007000040263,None,0,796345,001,2025-09-09_15h11.54.323,signal detection,,2025.1.1,60.07965360977716,2025-09-09 15h11.59.680743 +0530,
73,0,73,up,0,0.5463723000138998,None,1,73,0,73,0,155.9420197000727,,155.9237637000624,155.9420197000727,156.92412290000357,156.95539689995348,157.47206649999134,up,0,0.5463723000138998,None,1,796345,001,2025-09-09_15h11.54.323,signal detection,,2025.1.1,60.07965360977716,2025-09-09 15h11.59.680743 +0530,
74,0,74,up,0,0.5780582001898438,None,-5,74,0,74,0,157.4902709000744,,157.47227939986624,157.4902709000744,158.47258599987254,158.50414630002342,159.0538848999422,up,0,0.5780582001898438,None,-5,796345,001,2025-09-09_15h11.54.323,signal detection,,2025.1.1,60.07965360977716,2025-09-09 15h11.59.680743 +0530,
75,0,75,up,1,0.6014622000511736,None,0,75,0,75,0,159.07236950006336,,159.05406309990212,159.07236950006336,160.05531219998375,160.06961579993367,160.6693831998855,up,1,0.6014622000511736,None,0,796345,001,2025-09-09_15h11.54.323,signal detection,,2025.1.1,60.07965360977716,2025-09-09 15h11.59.680743 +0530,
76,0,76,up,1,0.46876899991184473,None,0,76,0,76,0,160.68798339995556,,160.66954330005683,160.68798339995556,161.67047360003926,161.68497209995985,162.15278419991955,up,1,0.46876899991184473,None,0,796345,001,2025-09-09_15h11.54.323,signal detection,,2025.1.1,60.07965360977716,2025-09-09 15h11.59.680743 +0530,
77,0,77,up,1,0.5694405999965966,None,0,77,0,77,0,162.1696893000044,,162.15304240002297,162.1696893000044,163.15250690001994,163.16704109986313,163.73389989999123,up,1,0.5694405999965966,None,0,796345,001,2025-09-09_15h11.54.323,signal detection,,2025.1.1,60.07965360977716,2025-09-09 15h11.59.680743 +0530,
78,0,78,up,1,1.3338440000079572,None,0,78,0,78,0,163.75153340003453,,163.73423549998552,163.75153340003453,164.73424659995362,164.74955040006898,166.08179880003445,up,1,1.3338440000079572,None,0,796345,001,2025-09-09_15h11.54.323,signal detection,,2025.1.1,60.07965360977716,2025-09-09 15h11.59.680743 +0530,
79,0,79,up,1,0.6958514000289142,None,0,79,0,79,0,166.100005999906,,166.08209479996003,166.100005999906,167.08281950000674,167.09720540000126,167.78055919986218,up,1,0.6958514000289142,None,0,796345,001,2025-09-09_15h11.54.323,signal detection,,2025.1.1,60.07965360977716,2025-09-09 15h11.59.680743 +0530,
80,0,80,up,1,0.640230700140819,None,0,80,0,80,0,167.79838769999333,,167.7809659000486,167.79838769999333,168.78141930000857,168.79615629999898,169.42939150007442,up,1,0.640230700140819,None,0,796345,001,2025-09-09_15h11.54.323,signal detection,,2025.1.1,60.07965360977716,2025-09-09 15h11.59.680743 +0530,
81,0,81,up,0,1.0250039999373257,None,-4,81,0,81,0,169.4469878000673,,169.42981979995966,169.4469878000673,170.4297257999424,170.4449157998897,171.46097999997437,up,0,1.0250039999373257,None,-4,796345,001,2025-09-09_15h11.54.323,signal detection,,2025.1.1,60.07965360977716,2025-09-09 15h11.59.680743 +0530,
82,0,82,up,1,0.8822658001445234,None,0,82,0,82,0,171.47893829992972,,171.46138709993102,171.47893829992972,172.4619539999403,172.47617579996586,173.3594402000308,up,1,0.8822658001445234,None,0,796345,001,2025-09-09_15h11.54.323,signal detection,,2025.1.1,60.07965360977716,2025-09-09 15h11.59.680743 +0530,
83,0,83,up,0,0.537036299938336,None,1,83,0,83,0,173.37718630000018,,173.35995090007782,173.37718630000018,174.3601361999754,174.37500629993156,174.90801290003583,up,0,0.537036299938336,None,1,796345,001,2025-09-09_15h11.54.323,signal detection,,2025.1.1,60.07965360977716,2025-09-09 15h11.59.680743 +0530,
84,0,84,up,1,0.5147792999632657,None,0,84,0,84,0,174.92580899992026,,174.90837950003333,174.92580899992026,175.9084562000353,175.92356040002778,176.44008069997653,up,1,0.5147792999632657,None,0,796345,001,2025-09-09_15h11.54.323,signal detection,,2025.1.1,60.07965360977716,2025-09-09 15h11.59.680743 +0530,
85,0,85,up,1,0.4631483999546617,None,0,85,0,85,0,176.45813989988528,,176.44046349986456,176.45813989988528,177.44103610003367,177.45579739985988,177.90566099993885,up,1,0.4631483999546617,None,0,796345,001,2025-09-09_15h11.54.323,signal detection,,2025.1.1,60.07965360977716,2025-09-09 15h11.59.680743 +0530,
86,0,86,down,1,0.6512368998955935,None,-4,86,0,86,0,177.92375329998322,,177.90608659991995,177.92375329998322,178.90591380000114,178.9377375000622,179.57098530000076,down,1,0.6512368998955935,None,-4,796345,001,2025-09-09_15h11.54.323,signal detection,,2025.1.1,60.07965360977716,2025-09-09 15h11.59.680743 +0530,
87,0,87,up,1,0.727317500161007,None,0,87,0,87,0,179.58845749986358,,179.5713936998509,179.58845749986358,180.572135000024,180.58637709985487,181.302893999964,up,1,0.727317500161007,None,0,796345,001,2025-09-09_15h11.54.323,signal detection,,2025.1.1,60.07965360977716,2025-09-09 15h11.59.680743 +0530,
88,0,88,down,1,0.7553894000593573,None,4,88,0,88,0,181.320959799923,,181.30330220004544,181.320959799923,182.30359119991772,182.31796439993195,183.0675643000286,down,1,0.7553894000593573,None,4,796345,001,2025-09-09_15h11.54.323,signal detection,,2025.1.1,60.07965360977716,2025-09-09 15h11.59.680743 +0530,
89,0,89,up,0,0.7856717000249773,None,-3,89,0,89,0,183.0862445998937,,183.06783219985664,183.0862445998937,184.06854499992914,184.10010310006328,184.8669735000003,up,0,0.7856717000249773,None,-3,796345,001,2025-09-09_15h11.54.323,signal detection,,2025.1.1,60.07965360977716,2025-09-09 15h11.59.680743 +0530,
90,0,90,up,1,0.5475546000525355,None,0,90,0,90,0,184.88439309992827,,184.86735379998572,184.88439309992827,185.86705700005405,185.88193259993568,186.4156680998858,up,1,0.5475546000525355,None,0,796345,001,2025-09-09_15h11.54.323,signal detection,,2025.1.1,60.07965360977716,2025-09-09 15h11.59.680743 +0530,
91,0,91,up,0,0.5727364998310804,None,-3,91,0,91,0,186.43292220006697,,186.41609409986995,186.43292220006697,187.4155128998682,187.4304814999923,187.99751150002703,up,0,0.5727364998310804,None,-3,796345,001,2025-09-09_15h11.54.323,signal detection,,2025.1.1,60.07965360977716,2025-09-09 15h11.59.680743 +0530,
92,0,92,up,1,0.44948159996420145,None,0,92,0,92,0,188.01513809990138,,187.99785919999704,188.01513809990138,188.99760610004887,189.01296869991347,189.4627028000541,up,1,0.44948159996420145,None,0,796345,001,2025-09-09_15h11.54.323,signal detection,,2025.1.1,60.07965360977716,2025-09-09 15h11.59.680743 +0530,
93,0,93,up,1,0.6119097999762744,None,0,93,0,93,0,189.48092449991964,,189.4630123998504,189.48092449991964,190.4632711999584,190.47801889991388,191.0777632999234,up,1,0.6119097999762744,None,0,796345,001,2025-09-09_15h11.54.323,signal detection,,2025.1.1,60.07965360977716,2025-09-09 15h11.59.680743 +0530,
94,0,94,up,0,0.4714247998781502,None,-2,94,0,94,0,191.0960643000435,,191.07799849985167,191.0960643000435,192.07845499995165,192.09368609986268,192.56010090000927,up,0,0.4714247998781502,None,-2,796345,001,2025-09-09_15h11.54.323,signal detection,,2025.1.1,60.07965360977716,2025-09-09 15h11.59.680743 +0530,
95,0,95,up,1,0.4225258999504149,None,0,95,0,95,0,192.57791120000184,,192.56044579995796,192.57791120000184,193.5609112000093,193.5751489000395,193.99249579990283,up,1,0.4225258999504149,None,0,796345,001,2025-09-09_15h11.54.323,signal detection,,2025.1.1,60.07965360977716,2025-09-09 15h11.59.680743 +0530,
96,0,96,up,0,0.3991138997953385,None,2,96,0,96,0,194.01062859990634,,193.99291409994476,194.01062859990634,194.99263059999794,195.0244795999024,195.4080034000799,up,0,0.3991138997953385,None,2,796345,001,2025-09-09_15h11.54.323,signal detection,,2025.1.1,60.07965360977716,2025-09-09 15h11.59.680743 +0530,
97,0,97,down,1,0.6845908998511732,None,-4,97,0,97,0,195.42552400007844,,195.4083867999725,195.42552400007844,196.40843890001997,196.42304280004464,197.1063695999328,down,1,0.6845908998511732,None,-4,796345,001,2025-09-09_15h11.54.323,signal detection,,2025.1.1,60.07965360977716,2025-09-09 15h11.59.680743 +0530,
98,0,98,up,1,0.7741199999582022,None,0,98,0,98,0,197.12425810005516,,197.10658770008013,197.12425810005516,198.10748360003345,198.1217254998628,198.88854109984823,up,1,0.7741199999582022,None,0,796345,001,2025-09-09_15h11.54.323,signal detection,,2025.1.1,60.07965360977716,2025-09-09 15h11.59.680743 +0530,
99,0,99,up,1,0.5314716999419034,None,0,99,0,99,0,198.9062882999424,,198.88891809992492,198.9062882999424,199.8890376999043,199.90358079993166,200.43724239990115,up,1,0.5314716999419034,None,0,796345,001,2025-09-09_15h11.54.323,signal detection,,2025.1.1,60.07965360977716,2025-09-09 15h11.59.680743 +0530,
