stair.thisTrialN,stair.stepSize,stair.intensity,thisRow.t,notes,trial.started,fixation.started,grating.started,key_resp.started,fixation.stopped,grating.stopped,trial.stopped,corrAns,tilt,key_resp.corr,stair.response,key_resp.rt,participant,session,date,expName,expVersion,psychopyVersion,frameRate,expStart
0,2,10,0.0361942,,0.0193277,0.0361942,0.5147501,0.5147501,0.5517194,0.8183025,3.2260881,left,-10,0,0,2.6863892,941475,1,2025-09-04_09h34.13.544,adaptive staircase,,2025.1.1,59.84085925,2025-09-04 09h34.14.875378 +0530
1,1,12,3.2326933,,3.226263,3.2326933,3.7325432,3.7325432,3.7325432,4.0323023,82.8850608,right,12,1,1,79.1495692,941475,1,2025-09-04_09h34.13.544,adaptive staircase,,2025.1.1,59.84085925,2025-09-04 09h34.14.875378 +0530
2,1,11,82.9017596,,82.8852653,82.9017596,83.3840003,83.3840003,83.4171388,83.6840877,84.8005093,left,-11,1,1,1.4137048,941475,1,2025-09-04_09h34.13.544,adaptive staircase,,2025.1.1,59.84085925,2025-09-04 09h34.14.875378 +0530
3,1,11,84.8163669,,84.8006964,84.8163669,85.3157525,85.3157525,85.3157525,85.614941,86.1984367,left,-11,1,1,0.8770436,941475,1,2025-09-04_09h34.13.544,adaptive staircase,,2025.1.1,59.84085925,2025-09-04 09h34.14.875378 +0530
4,1,11,86.214941,,86.1985554,86.214941,86.6978923,86.6978923,86.7147119,86.9975367,87.4809936,right,11,1,1,0.7756574,941475,1,2025-09-04_09h34.13.544,adaptive staircase,,2025.1.1,59.84085925,2025-09-04 09h34.14.875378 +0530
5,1,10,87.497696,,87.4811057,87.497696,87.9968837,87.9968837,88.0146197,88.2967513,89.8949136,left,-10,1,1,1.8892965,941475,1,2025-09-04_09h34.13.544,adaptive staircase,,2025.1.1,59.84085925,2025-09-04 09h34.14.875378 +0530
6,1,10,89.9112607,,89.8950256,89.9112607,90.3951411,90.3951411,90.4115735,90.6945468,130.6963718,right,10,0,0,40.2981544,941475,1,2025-09-04_09h34.13.544,adaptive staircase,,2025.1.1,59.84085925,2025-09-04 09h34.14.875378 +0530
7,1,11,130.7120047,,130.696628,130.7120047,131.1969594,131.1969594,131.2125843,131.5115803,131.911191,right,11,1,1,0.7116934,941475,1,2025-09-04_09h34.13.544,adaptive staircase,,2025.1.1,59.84085925,2025-09-04 09h34.14.875378 +0530
8,1,11,131.9272302,,131.9113247,131.9272302,132.4265103,132.4265103,132.4265103,132.7266315,132.923329,right,11,1,1,0.4737965,941475,1,2025-09-04_09h34.13.544,adaptive staircase,,2025.1.1,59.84085925,2025-09-04 09h34.14.875378 +0530
9,0.5,11,132.9423496,,132.9234449,132.9423496,133.4267603,133.4267603,133.4425085,133.7257113,133.975566,right,11,1,1,0.5429011,941475,1,2025-09-04_09h34.13.544,adaptive staircase,,2025.1.1,59.84085925,2025-09-04 09h34.14.875378 +0530
10,0.5,10.5,133.9923393,,133.975737,133.9923393,134.4753824,134.4753824,134.491729,134.7744645,134.9778913,right,10.5,1,1,0.4901418,941475,1,2025-09-04_09h34.13.544,adaptive staircase,,2025.1.1,59.84085925,2025-09-04 09h34.14.875378 +0530
11,0.5,10.5,134.9915094,,134.9780048,134.9915094,135.4913611,135.4913611,135.4913611,135.7903697,136.0241562,left,-10.5,1,1,0.5256314,941475,1,2025-09-04_09h34.13.544,adaptive staircase,,2025.1.1,59.84085925,2025-09-04 09h34.14.875378 +0530
12,0.5,10.5,136.0404167,,136.0243701,136.0404167,136.5233056,136.5233056,136.539622,136.8227052,137.122963,right,10.5,1,1,0.5936204,941475,1,2025-09-04_09h34.13.544,adaptive staircase,,2025.1.1,59.84085925,2025-09-04 09h34.14.875378 +0530
13,0.5,10,137.1395607,,137.1230928,137.1395607,137.6226782,137.6226782,137.6392389,137.9219533,138.2733942,left,-10,1,1,0.6434722,941475,1,2025-09-04_09h34.13.544,adaptive staircase,,2025.1.1,59.84085925,2025-09-04 09h34.14.875378 +0530
14,0.5,10,138.2894605,,138.2735661,138.2894605,138.7883196,138.7883196,138.8056209,139.0881981,139.2378264,right,10,1,1,0.4465193,941475,1,2025-09-04_09h34.13.544,adaptive staircase,,2025.1.1,59.84085925,2025-09-04 09h34.14.875378 +0530
15,0.5,10,139.2540165,,139.237941,139.2540165,139.7374453,139.7374453,139.7542307,140.0376378,140.1537891,left,-10,1,1,0.4004345,941475,1,2025-09-04_09h34.13.544,adaptive staircase,,2025.1.1,59.84085925,2025-09-04 09h34.14.875378 +0530
16,0.5,9.5,140.1710239,,140.1539566,140.1710239,140.6548572,140.6548572,140.6701991,140.9543153,141.1200732,right,9.5,1,1,0.4579732,941475,1,2025-09-04_09h34.13.544,adaptive staircase,,2025.1.1,59.84085925,2025-09-04 09h34.14.875378 +0530
17,0.5,9.5,141.1368548,,141.1201911,141.1368548,141.6357951,141.6357951,141.6526537,141.9363309,142.1032119,left,-9.5,1,1,0.4591836,941475,1,2025-09-04_09h34.13.544,adaptive staircase,,2025.1.1,59.84085925,2025-09-04 09h34.14.875378 +0530
18,0.5,9.5,142.1191723,,142.1033997,142.1191723,142.6027252,142.6027252,142.619368,142.9189093,143.0685844,left,-9.5,1,1,0.4605771,941475,1,2025-09-04_09h34.13.544,adaptive staircase,,2025.1.1,59.84085925,2025-09-04 09h34.14.875378 +0530
19,0.5,9,143.0852151,,143.0687452,143.0852151,143.5841916,143.5841916,143.5841916,143.8841073,144.1346047,right,9,1,1,0.5449005,941475,1,2025-09-04_09h34.13.544,adaptive staircase,,2025.1.1,59.84085925,2025-09-04 09h34.14.875378 +0530
20,0.5,9,144.1507639,,144.1347578,144.1507639,144.6339492,144.6339492,144.6498088,144.9329229,145.2003516,right,9,1,1,0.5628478,941475,1,2025-09-04_09h34.13.544,adaptive staircase,,2025.1.1,59.84085925,2025-09-04 09h34.14.875378 +0530
21,0.5,9,145.2168198,,145.2005063,145.2168198,145.6995295,145.6995295,145.7160663,145.9994699,146.2161536,left,-9,1,1,0.5123038,941475,1,2025-09-04_09h34.13.544,adaptive staircase,,2025.1.1,59.84085925,2025-09-04 09h34.14.875378 +0530
22,0.5,8.5,146.2325526,,146.2162975,146.2325526,146.7148737,146.7148737,146.7494782,147.0174613,147.1648456,right,8.5,1,1,0.4353248,941475,1,2025-09-04_09h34.13.544,adaptive staircase,,2025.1.1,59.84085925,2025-09-04 09h34.14.875378 +0530
23,0.5,8.5,147.180936,,147.164952,147.180936,147.6639089,147.6639089,147.6803872,147.9634782,148.0817384,left,-8.5,1,1,0.4160484,941475,1,2025-09-04_09h34.13.544,adaptive staircase,,2025.1.1,59.84085925,2025-09-04 09h34.14.875378 +0530
24,0.5,8.5,148.0969873,,148.0818484,148.0969873,148.5974115,148.5974115,148.5974115,148.8968273,149.0804549,left,-8.5,1,1,0.4737922,941475,1,2025-09-04_09h34.13.544,adaptive staircase,,2025.1.1,59.84085925,2025-09-04 09h34.14.875378 +0530
25,0.5,8,149.1003232,,149.0806269,149.1003232,149.5800638,149.5800638,149.6130464,149.8953281,150.029829,left,-8,1,1,0.4332416,941475,1,2025-09-04_09h34.13.544,adaptive staircase,,2025.1.1,59.84085925,2025-09-04 09h34.14.875378 +0530
26,0.5,8,150.0452124,,150.0299576,150.0452124,150.5451519,150.5451519,150.5451519,150.8449936,151.0950256,right,8,1,1,0.5418158,941475,1,2025-09-04_09h34.13.544,adaptive staircase,,2025.1.1,59.84085925,2025-09-04 09h34.14.875378 +0530
27,0.5,8,151.1110089,,151.0952411,151.1110089,151.5961879,151.5961879,151.6116294,151.8952505,152.0941614,left,-8,1,1,0.4875341,941475,1,2025-09-04_09h34.13.544,adaptive staircase,,2025.1.1,59.84085925,2025-09-04 09h34.14.875378 +0530
28,0.5,7.5,152.1101665,,152.0942816,152.1101665,152.5941122,152.5941122,152.6108378,152.8944659,153.1107741,left,-7.5,1,1,0.5029718,941475,1,2025-09-04_09h34.13.544,adaptive staircase,,2025.1.1,59.84085925,2025-09-04 09h34.14.875378 +0530
29,0.5,7.5,153.1270389,,153.1109516,153.1270389,153.610007,153.610007,153.6275424,153.9108574,154.4764921,left,-7.5,1,1,0.8639963,941475,1,2025-09-04_09h34.13.544,adaptive staircase,,2025.1.1,59.84085925,2025-09-04 09h34.14.875378 +0530
30,0.5,7.5,154.4917606,,154.4766722,154.4917606,154.9915587,154.9915587,154.9915587,155.291175,155.9249223,left,-7.5,1,1,0.9320761,941475,1,2025-09-04_09h34.13.544,adaptive staircase,,2025.1.1,59.84085925,2025-09-04 09h34.14.875378 +0530
31,0.5,7,155.9406077,,155.9250632,155.9406077,156.4231485,156.4231485,156.4402298,156.724717,156.8568699,left,-7,1,1,0.4233288,941475,1,2025-09-04_09h34.13.544,adaptive staircase,,2025.1.1,59.84085925,2025-09-04 09h34.14.875378 +0530
32,0.5,7,156.8733032,,156.8570505,156.8733032,157.3564633,157.3564633,157.3741079,157.6558685,157.7576624,left,-7,1,1,0.385032,941475,1,2025-09-04_09h34.13.544,adaptive staircase,,2025.1.1,59.84085925,2025-09-04 09h34.14.875378 +0530
33,0.5,7,157.7730934,,157.7579701,157.7730934,158.2730776,158.2730776,158.2730776,158.5717327,158.6890156,right,7,1,1,0.410454,941475,1,2025-09-04_09h34.13.544,adaptive staircase,,2025.1.1,59.84085925,2025-09-04 09h34.14.875378 +0530
34,0.5,6.5,158.7050386,,158.6891426,158.7050386,159.1917035,159.1917035,159.204571,159.5043556,159.5713635,right,6.5,1,1,0.3736595,941475,1,2025-09-04_09h34.13.544,adaptive staircase,,2025.1.1,59.84085925,2025-09-04 09h34.14.875378 +0530
35,0.5,6.5,159.5884028,,159.5714791,159.5884028,160.0705682,160.0705682,160.103952,160.3713632,160.4701787,right,6.5,1,1,0.3878771,941475,1,2025-09-04_09h34.13.544,adaptive staircase,,2025.1.1,59.84085925,2025-09-04 09h34.14.875378 +0530
36,0.5,6.5,160.4868896,,160.47029,160.4868896,160.9697429,160.9697429,160.9868077,161.2696278,161.5370736,left,-6.5,1,1,0.556757,941475,1,2025-09-04_09h34.13.544,adaptive staircase,,2025.1.1,59.84085925,2025-09-04 09h34.14.875378 +0530
37,0.5,6,161.5530378,,161.537272,161.5530378,162.0524806,162.0524806,162.0524806,162.3520722,162.435624,left,-6,1,1,0.3783831,941475,1,2025-09-04_09h34.13.544,adaptive staircase,,2025.1.1,59.84085925,2025-09-04 09h34.14.875378 +0530
38,0.5,6,162.4522335,,162.4357572,162.4522335,162.9347043,162.9347043,162.951221,163.2345218,163.3686352,left,-6,1,1,0.4301432,941475,1,2025-09-04_09h34.13.544,adaptive staircase,,2025.1.1,59.84085925,2025-09-04 09h34.14.875378 +0530
39,0.5,6,163.3852885,,163.3687981,163.3852885,163.8842177,163.8842177,163.8842177,164.1836972,164.3839615,left,-6,1,1,0.4952179,941475,1,2025-09-04_09h34.13.544,adaptive staircase,,2025.1.1,59.84085925,2025-09-04 09h34.14.875378 +0530
40,0.5,5.5,164.4005681,,164.3840744,164.4005681,164.8836988,164.8836988,164.8999278,165.1853734,165.4671748,right,5.5,1,1,0.582637,941475,1,2025-09-04_09h34.13.544,adaptive staircase,,2025.1.1,59.84085925,2025-09-04 09h34.14.875378 +0530
41,0.5,5.5,165.4832171,,165.4673574,165.4832171,165.9659374,165.9659374,165.9823038,166.2669487,166.3998995,right,5.5,1,1,0.4256211,941475,1,2025-09-04_09h34.13.544,adaptive staircase,,2025.1.1,59.84085925,2025-09-04 09h34.14.875378 +0530
42,0.5,5.5,166.4152343,,166.4000062,166.4152343,166.9149852,166.9149852,166.9149852,167.2159258,167.3146661,right,5.5,1,1,0.3967458,941475,1,2025-09-04_09h34.13.544,adaptive staircase,,2025.1.1,59.84085925,2025-09-04 09h34.14.875378 +0530
43,0.5,5,167.3308979,,167.3147799,167.3308979,167.8138921,167.8138921,167.8312941,168.1146919,168.2481042,right,5,1,1,0.424163,941475,1,2025-09-04_09h34.13.544,adaptive staircase,,2025.1.1,59.84085925,2025-09-04 09h34.14.875378 +0530
44,0.5,5,168.2639599,,168.2482998,168.2639599,168.7643408,168.7643408,168.7643408,169.0639965,169.3138252,left,-5,1,1,0.5405371,941475,1,2025-09-04_09h34.13.544,adaptive staircase,,2025.1.1,59.84085925,2025-09-04 09h34.14.875378 +0530
45,0.5,5,169.3298317,,169.3139581,169.3298317,169.8139499,169.8139499,169.829943,170.1130739,170.4634317,right,5,1,1,0.6414235,941475,1,2025-09-04_09h34.13.544,adaptive staircase,,2025.1.1,59.84085925,2025-09-04 09h34.14.875378 +0530
46,0.5,4.5,170.4795176,,170.4636109,170.4795176,170.9788984,170.9788984,170.9788984,171.2950171,171.3949413,right,4.5,1,1,0.4135132,941475,1,2025-09-04_09h34.13.544,adaptive staircase,,2025.1.1,59.84085925,2025-09-04 09h34.14.875378 +0530
47,0.5,4.5,171.4114476,,171.3950531,171.4114476,171.8943032,171.8943032,171.9107118,172.1939666,172.3441721,right,4.5,1,1,0.434539,941475,1,2025-09-04_09h34.13.544,adaptive staircase,,2025.1.1,59.84085925,2025-09-04 09h34.14.875378 +0530
48,0.5,4.5,172.360097,,172.344291,172.360097,172.8436448,172.8436448,172.8604051,173.142726,173.2271411,left,-4.5,0,0,0.3813182,941475,1,2025-09-04_09h34.13.544,adaptive staircase,,2025.1.1,59.84085925,2025-09-04 09h34.14.875378 +0530
49,0.5,5,173.242797,,173.2273147,173.242797,173.726569,173.726569,173.7430755,174.0266503,174.5106505,left,-5,1,1,0.7803876,941475,1,2025-09-04_09h34.13.544,adaptive staircase,,2025.1.1,59.84085925,2025-09-04 09h34.14.875378 +0530
50,0.5,5,174.526027,,174.5108245,174.526027,175.0254473,175.0254473,175.0254473,175.3246999,175.508461,left,-5,1,1,0.4709252,941475,1,2025-09-04_09h34.13.544,adaptive staircase,,2025.1.1,59.84085925,2025-09-04 09h34.14.875378 +0530
51,0.5,5,175.525052,,175.5087938,175.525052,176.0239115,176.0239115,176.0239115,176.3241227,176.6238755,right,5,1,1,0.5882116,941475,1,2025-09-04_09h34.13.544,adaptive staircase,,2025.1.1,59.84085925,2025-09-04 09h34.14.875378 +0530
52,0.5,4.5,176.640097,,176.6240486,176.640097,177.1235297,177.1235297,177.1404354,177.4234634,177.7075397,left,-4.5,1,1,0.5829846,941475,1,2025-09-04_09h34.13.544,adaptive staircase,,2025.1.1,59.84085925,2025-09-04 09h34.14.875378 +0530
53,0.5,4.5,177.722893,,177.7077003,177.722893,178.2221185,178.2221185,178.2221185,178.5227426,178.6890614,left,-4.5,1,1,0.4614259,941475,1,2025-09-04_09h34.13.544,adaptive staircase,,2025.1.1,59.84085925,2025-09-04 09h34.14.875378 +0530
54,0.5,4.5,178.7052418,,178.6891902,178.7052418,179.1889751,179.1889751,179.20535,179.4884503,179.6724585,right,4.5,1,1,0.4772129,941475,1,2025-09-04_09h34.13.544,adaptive staircase,,2025.1.1,59.84085925,2025-09-04 09h34.14.875378 +0530
55,0.5,4,179.6884548,,179.6726049,179.6884548,180.1880714,180.1880714,180.2040544,180.503617,181.2540031,left,-4,1,1,1.0629635,941475,1,2025-09-04_09h34.13.544,adaptive staircase,,2025.1.1,59.84085925,2025-09-04 09h34.14.875378 +0530
56,0.5,4,181.2703478,,181.2541771,181.2703478,181.7527923,181.7527923,181.7699039,182.0526374,182.2873933,right,4,1,1,0.5338246,941475,1,2025-09-04_09h34.13.544,adaptive staircase,,2025.1.1,59.84085925,2025-09-04 09h34.14.875378 +0530
57,0.5,4,182.3034493,,182.2876253,182.3034493,182.8021182,182.8021182,182.8021182,183.1025976,183.2859717,left,-4,1,1,0.4748186,941475,1,2025-09-04_09h34.13.544,adaptive staircase,,2025.1.1,59.84085925,2025-09-04 09h34.14.875378 +0530
58,0.5,3.5,183.3026845,,183.2861488,183.3026845,183.8009239,183.8009239,183.8185912,184.1011698,184.3838814,left,-3.5,1,1,0.5746482,941475,1,2025-09-04_09h34.13.544,adaptive staircase,,2025.1.1,59.84085925,2025-09-04 09h34.14.875378 +0530
59,0.5,3.5,184.4007337,,184.3839902,184.4007337,184.8841478,184.8841478,184.9008288,185.1834461,185.5011622,left,-3.5,1,1,0.6069436,941475,1,2025-09-04_09h34.13.544,adaptive staircase,,2025.1.1,59.84085925,2025-09-04 09h34.14.875378 +0530
60,0.5,3.5,185.5186206,,185.5012743,185.5186206,185.9998811,185.9998811,186.033155,186.2991589,186.5496205,left,-3.5,1,1,0.535202,941475,1,2025-09-04_09h34.13.544,adaptive staircase,,2025.1.1,59.84085925,2025-09-04 09h34.14.875378 +0530
61,0.5,3,186.5653008,,186.5497654,186.5653008,187.0487854,187.0487854,187.0652321,187.3494554,187.6157889,left,-3,1,1,0.5663765,941475,1,2025-09-04_09h34.13.544,adaptive staircase,,2025.1.1,59.84085925,2025-09-04 09h34.14.875378 +0530
62,0.5,3,187.6313675,,187.6160028,187.6313675,188.115568,188.115568,188.1319079,188.4136275,188.5816792,left,-3,1,1,0.4553132,941475,1,2025-09-04_09h34.13.544,adaptive staircase,,2025.1.1,59.84085925,2025-09-04 09h34.14.875378 +0530
63,0.5,3,188.5977456,,188.5818546,188.5977456,189.0969047,189.0969047,189.1129414,189.3981123,189.5131411,left,-3,1,1,0.4068343,941475,1,2025-09-04_09h34.13.544,adaptive staircase,,2025.1.1,59.84085925,2025-09-04 09h34.14.875378 +0530
64,0.5,2.5,189.5294456,,189.5132535,189.5294456,190.0126697,190.0126697,190.0292847,190.3123195,190.6144015,left,-2.5,1,1,0.5977803,941475,1,2025-09-04_09h34.13.544,adaptive staircase,,2025.1.1,59.84085925,2025-09-04 09h34.14.875378 +0530
65,0.5,2.5,190.6310578,,190.6147067,190.6310578,191.1309686,191.1309686,191.1462237,191.4457691,191.6134896,left,-2.5,1,1,0.4804606,941475,1,2025-09-04_09h34.13.544,adaptive staircase,,2025.1.1,59.84085925,2025-09-04 09h34.14.875378 +0530
66,0.5,2.5,191.6299366,,191.6137514,191.6299366,192.1293814,192.1293814,192.1455957,192.4302733,192.5958138,right,2.5,1,1,0.4589736,941475,1,2025-09-04_09h34.13.544,adaptive staircase,,2025.1.1,59.84085925,2025-09-04 09h34.14.875378 +0530
67,0.5,2,192.6118038,,192.5961088,192.6118038,193.0948747,193.0948747,193.114789,193.3945438,193.8951242,right,2,1,1,0.7957041,941475,1,2025-09-04_09h34.13.544,adaptive staircase,,2025.1.1,59.84085925,2025-09-04 09h34.14.875378 +0530
68,0.5,2,193.911222,,193.8954002,193.911222,194.3944548,194.3944548,194.4104782,194.7100863,194.7944421,right,2,1,1,0.382843,941475,1,2025-09-04_09h34.13.544,adaptive staircase,,2025.1.1,59.84085925,2025-09-04 09h34.14.875378 +0530
69,0.5,2,194.8106085,,194.7947643,194.8106085,195.3102538,195.3102538,195.3102538,195.625438,196.0266872,left,-2,1,1,0.7097702,941475,1,2025-09-04_09h34.13.544,adaptive staircase,,2025.1.1,59.84085925,2025-09-04 09h34.14.875378 +0530
70,0.5,1.5,196.0422559,,196.0269647,196.0422559,196.5255282,196.5255282,196.541797,196.8253434,197.0423838,left,-1.5,1,1,0.5001933,941475,1,2025-09-04_09h34.13.544,adaptive staircase,,2025.1.1,59.84085925,2025-09-04 09h34.14.875378 +0530
71,0.5,1.5,197.0583478,,197.0426729,197.0583478,197.5578936,197.5578936,197.5578936,197.8580831,198.4752855,right,1.5,1,1,0.9012666,941475,1,2025-09-04_09h34.13.544,adaptive staircase,,2025.1.1,59.84085925,2025-09-04 09h34.14.875378 +0530
72,0.5,1.5,198.4925921,,198.4758452,198.4925921,198.9893996,198.9893996,199.0054277,199.2887175,199.9562997,left,-1.5,0,0,0.9532896,941475,1,2025-09-04_09h34.13.544,adaptive staircase,,2025.1.1,59.84085925,2025-09-04 09h34.14.875378 +0530
73,0.5,2,199.9727415,,199.9567024,199.9727415,200.455719,200.455719,200.4720882,200.755038,200.9222727,right,2,1,1,0.4646685,941475,1,2025-09-04_09h34.13.544,adaptive staircase,,2025.1.1,59.84085925,2025-09-04 09h34.14.875378 +0530
74,0.5,2,200.9376877,,200.9224452,200.9376877,201.4203226,201.4203226,201.4372926,201.7200108,201.9706583,left,-2,1,1,0.5421662,941475,1,2025-09-04_09h34.13.544,adaptive staircase,,2025.1.1,59.84085925,2025-09-04 09h34.14.875378 +0530
75,0.5,2,201.9872369,,201.9708281,201.9872369,202.4859137,202.4859137,202.5023318,202.786176,203.0195398,left,-2,1,1,0.5308008,941475,1,2025-09-04_09h34.13.544,adaptive staircase,,2025.1.1,59.84085925,2025-09-04 09h34.14.875378 +0530
76,0.5,1.5,203.0352186,,203.0196488,203.0352186,203.5191541,203.5191541,203.5358185,203.8191374,204.1537548,left,-1.5,1,1,0.6332481,941475,1,2025-09-04_09h34.13.544,adaptive staircase,,2025.1.1,59.84085925,2025-09-04 09h34.14.875378 +0530
77,0.5,1.5,204.1678967,,204.1538865,204.1678967,204.6678342,204.6678342,204.6678342,204.9679339,205.2340601,right,1.5,1,1,0.5574068,941475,1,2025-09-04_09h34.13.544,adaptive staircase,,2025.1.1,59.84085925,2025-09-04 09h34.14.875378 +0530
78,0.5,1.5,205.2501916,,205.2341967,205.2501916,205.7332728,205.7332728,205.7506146,206.032668,206.2672452,right,1.5,1,1,0.5245447,941475,1,2025-09-04_09h34.13.544,adaptive staircase,,2025.1.1,59.84085925,2025-09-04 09h34.14.875378 +0530
79,0.5,1,206.2826059,,206.267507,206.2826059,206.7820704,206.7820704,206.7820704,207.0818382,207.299201,right,1,1,1,0.5081437,941475,1,2025-09-04_09h34.13.544,adaptive staircase,,2025.1.1,59.84085925,2025-09-04 09h34.14.875378 +0530
80,0.5,1,207.3153033,,207.2993515,207.3153033,207.8146672,207.8146672,207.8146672,208.1150165,208.7482843,left,-1,0,0,0.917468,941475,1,2025-09-04_09h34.13.544,adaptive staircase,,2025.1.1,59.84085925,2025-09-04 09h34.14.875378 +0530
81,0.5,1.5,208.7641836,,208.7484741,208.7641836,209.2642121,209.2642121,209.2642121,209.563738,209.9483364,right,1.5,1,1,0.6806446,941475,1,2025-09-04_09h34.13.544,adaptive staircase,,2025.1.1,59.84085925,2025-09-04 09h34.14.875378 +0530
82,0.5,1.5,209.9628224,,209.9485014,209.9628224,210.4625733,210.4625733,210.4625733,210.7622281,210.9797199,right,1.5,1,1,0.5079164,941475,1,2025-09-04_09h34.13.544,adaptive staircase,,2025.1.1,59.84085925,2025-09-04 09h34.14.875378 +0530
83,0.5,1.5,210.9953652,,210.9798787,210.9953652,211.4948297,211.4948297,211.4948297,211.794512,212.1944961,left,-1.5,1,1,0.6859563,941475,1,2025-09-04_09h34.13.544,adaptive staircase,,2025.1.1,59.84085925,2025-09-04 09h34.14.875378 +0530
84,0.5,1,212.2109378,,212.1946067,212.2109378,212.6942761,212.6942761,212.7113489,212.9945681,213.3612958,right,1,1,1,0.6566406,941475,1,2025-09-04_09h34.13.544,adaptive staircase,,2025.1.1,59.84085925,2025-09-04 09h34.14.875378 +0530
85,0.5,1,213.3778957,,213.3614658,213.3778957,213.8769628,213.8769628,213.8769628,214.1764657,216.6909957,right,1,1,1,2.8036159,941475,1,2025-09-04_09h34.13.544,adaptive staircase,,2025.1.1,59.84085925,2025-09-04 09h34.14.875378 +0530
86,0.5,1,216.707015,,216.6912366,216.707015,217.1913758,217.1913758,217.207112,217.5073443,218.0899104,left,-1,1,1,0.886736,941475,1,2025-09-04_09h34.13.544,adaptive staircase,,2025.1.1,59.84085925,2025-09-04 09h34.14.875378 +0530
87,0.5,1,218.1061005,,218.0900416,218.1061005,218.5897871,218.5897871,218.6068205,218.8893824,219.3556497,right,1,1,1,0.7513809,941475,1,2025-09-04_09h34.13.544,adaptive staircase,,2025.1.1,59.84085925,2025-09-04 09h34.14.875378 +0530
88,0.5,1,219.3718531,,219.35577,219.3718531,219.8547676,219.8547676,219.8713677,220.1543862,220.4391764,right,1,1,1,0.5784278,941475,1,2025-09-04_09h34.13.544,adaptive staircase,,2025.1.1,59.84085925,2025-09-04 09h34.14.875378 +0530
89,0.5,1,220.4548388,,220.4393494,220.4548388,220.9541995,220.9541995,220.9541995,221.2539529,221.637381,right,1,1,1,0.681235,941475,1,2025-09-04_09h34.13.544,adaptive staircase,,2025.1.1,59.84085925,2025-09-04 09h34.14.875378 +0530
90,0.5,1,221.6539569,,221.6376194,221.6539569,222.1540584,222.1540584,222.1699527,222.4696327,222.8364398,left,-1,1,1,0.671982,941475,1,2025-09-04_09h34.13.544,adaptive staircase,,2025.1.1,59.84085925,2025-09-04 09h34.14.875378 +0530
91,0.5,1,222.8522488,,222.8366045,222.8522488,223.3358082,223.3358082,223.3516899,223.636737,224.1185841,left,-1,1,1,0.7773194,941475,1,2025-09-04_09h34.13.544,adaptive staircase,,2025.1.1,59.84085925,2025-09-04 09h34.14.875378 +0530
92,0.5,1,224.1344479,,224.1187064,224.1344479,224.6179578,224.6179578,224.6347087,224.9178473,225.4841968,right,1,0,0,0.8659802,941475,1,2025-09-04_09h34.13.544,adaptive staircase,,2025.1.1,59.84085925,2025-09-04 09h34.14.875378 +0530
93,0.5,1.5,225.4997378,,225.4843224,225.4997378,225.9838385,225.9838385,226.0012312,226.2833584,226.7662698,right,1.5,0,0,0.7724398,941475,1,2025-09-04_09h34.13.544,adaptive staircase,,2025.1.1,59.84085925,2025-09-04 09h34.14.875378 +0530
94,0.5,2,226.7827872,,226.766383,226.7827872,227.2661322,227.2661322,227.2833648,227.5651365,227.9159377,left,-2,1,1,0.6416042,941475,1,2025-09-04_09h34.13.544,adaptive staircase,,2025.1.1,59.84085925,2025-09-04 09h34.14.875378 +0530
95,0.5,2,227.9317492,,227.9161591,227.9317492,228.4309722,228.4309722,228.4309722,228.7326577,229.3318808,left,-2,1,1,0.893332,941475,1,2025-09-04_09h34.13.544,adaptive staircase,,2025.1.1,59.84085925,2025-09-04 09h34.14.875378 +0530
96,0.5,2,229.3476293,,229.3320393,229.3476293,229.8299132,229.8299132,229.8638832,230.1302874,230.5133794,right,2,1,1,0.6687076,941475,1,2025-09-04_09h34.13.544,adaptive staircase,,2025.1.1,59.84085925,2025-09-04 09h34.14.875378 +0530
97,0.5,1.5,230.5296457,,230.513539,230.5296457,231.0295851,231.0295851,231.0295851,231.3286492,231.7787466,right,1.5,1,1,0.7456735,941475,1,2025-09-04_09h34.13.544,adaptive staircase,,2025.1.1,59.84085925,2025-09-04 09h34.14.875378 +0530
98,0.5,1.5,231.7949144,,231.7788784,231.7949144,232.2948477,232.2948477,232.2948477,232.5954011,232.8610104,right,1.5,1,1,0.551492,941475,1,2025-09-04_09h34.13.544,adaptive staircase,,2025.1.1,59.84085925,2025-09-04 09h34.14.875378 +0530
99,0.5,1.5,232.8775803,,232.86113,232.8775803,233.3609072,233.3609072,233.3770911,233.6605119,234.2270961,right,1.5,0,0,0.8547512,941475,1,2025-09-04_09h34.13.544,adaptive staircase,,2025.1.1,59.84085925,2025-09-04 09h34.14.875378 +0530
